cliente_id,renda_mensal,limite_atual,utilizacao,consistencia_6m,ticket_medio_deposito,atraso30d,default_12m
1,2292.0,800.0,0.06299342953980921,0.8333333333333334,322.3167568656176,0,0
2,1251.0,600.0,0.20649045470696792,0.8333333333333334,87.12185980541373,0,0
3,2801.0,1000.0,0.2754486727652813,0.5,155.19864428250193,0,0
4,3051.0,1000.0,0.32533448684176985,1.0,386.99774065618357,0,0
5,831.0,600.0,0.5802425144128309,1.0,58.99622073200857,0,0
6,1112.0,500.0,0.8498447635788892,1.0,148.3731675818473,0,0
7,2117.0,900.0,0.5041917522072857,0.5,109.41613807075412,0,0
8,1733.0,500.0,0.6858648280034247,0.3333333333333333,244.47927872722553,0,0
9,1983.0,900.0,0.8032372111726255,0.0,435.86149608156387,0,0
10,1361.0,500.0,0.617421024875052,0.8333333333333334,263.3396467772738,0,0
11,2968.0,1700.0,0.6532235439967864,1.0,555.7725012028538,0,0
12,2836.0,1000.0,0.22568577743932178,0.5,510.4556357957823,0,0
13,2058.0,1500.0,0.1297218319873349,0.0,248.59492238198447,0,1
14,3318.0,2500.0,0.5614374507217447,0.8333333333333334,323.0218474380511,0,0
15,2466.0,800.0,0.5854879523796195,0.3333333333333333,469.47360951280643,0,0
16,1357.0,400.0,0.6035578420122082,0.5,222.39132660123505,0,0
17,2359.0,700.0,0.5460947602076314,0.6666666666666666,458.927993448611,0,0
18,1298.0,800.0,0.836404417726821,0.16666666666666666,189.42651594054433,0,0
19,2967.0,900.0,0.17454938790889396,0.0,211.60732253141413,0,0
20,1954.0,1400.0,0.3125971181672683,0.0,436.32569759845273,1,0
21,1839.0,1200.0,0.5744062232871028,1.0,355.31094458035335,0,0
22,1471.0,1000.0,0.5958924349316953,1.0,225.10585977535092,0,0
23,3464.0,1900.0,0.041712434724454545,0.3333333333333333,494.21025417382043,0,0
24,1864.0,1500.0,0.6349494405178241,0.3333333333333333,235.17361921272396,0,0
25,1648.0,500.0,0.3512386496401206,0.3333333333333333,330.35271450351246,0,0
26,1705.0,800.0,0.5757850161744589,0.3333333333333333,111.39564259263442,0,0
27,2539.0,1100.0,0.4175899808159505,0.5,357.76884438274527,0,0
28,2355.0,1800.0,0.5866295071314027,0.3333333333333333,140.20183413348258,0,0
29,2406.0,1400.0,0.2229341775732915,0.6666666666666666,251.57952110507344,0,0
30,2426.0,1700.0,0.39135554627968927,0.3333333333333333,192.43892051898538,0,0
31,5238.0,1800.0,0.5038694967217628,0.6666666666666666,596.5293415610896,0,0
32,1664.0,1300.0,0.24864128652929415,1.0,109.5176616020749,0,0
33,1587.0,800.0,0.405554824171125,0.16666666666666666,275.4905589439217,0,0
34,1385.0,700.0,0.5166712179761148,0.0,165.10404485194178,0,0
35,2636.0,2100.0,0.16513254631739024,0.5,522.6229758217554,0,0
36,3321.0,1500.0,0.24534777070945765,0.0,221.8225856273723,0,0
37,1898.0,900.0,0.5405946831697459,0.16666666666666666,97.70931253256077,0,0
38,1369.0,800.0,0.4944551333602317,0.8333333333333334,260.2005029747522,0,0
39,1379.0,400.0,0.07860318928132486,0.3333333333333333,214.3913364746407,0,0
40,2678.0,1100.0,0.3504856379876359,0.5,384.6661283069545,1,0
41,2792.0,1000.0,0.1290653682647981,0.8333333333333334,402.0842758068327,0,0
42,2551.0,800.0,0.4902848036552794,0.0,377.07762877148446,0,0
43,1481.0,1100.0,0.07265429749608669,0.5,234.06627768820084,0,0
44,2218.0,1300.0,0.3366873216285431,0.0,436.6393540211052,0,1
45,2106.0,900.0,0.21078793120667053,0.5,336.09249824717,0,0
46,2205.0,1000.0,0.17316751653871817,0.16666666666666666,296.76607814483634,0,0
47,2958.0,1400.0,0.37868074714771144,1.0,311.3695756512161,1,0
48,2210.0,1300.0,0.36438023480997966,0.16666666666666666,98.50031017496383,0,0
49,2712.0,2100.0,0.11211502637289694,0.16666666666666666,261.3426106712019,0,0
50,2060.0,1600.0,0.499521032692119,0.0,431.53892870552124,0,0
51,2276.0,1100.0,0.3674067561466235,0.0,373.3856091300881,0,0
52,2655.0,1100.0,0.24657071087037227,0.16666666666666666,247.78018506689352,0,0
53,1037.0,500.0,0.6430120033599639,0.16666666666666666,111.36752802227069,0,0
54,1730.0,1000.0,0.30316076398135716,0.8333333333333334,114.07011053905744,0,0
55,1617.0,800.0,0.584028567274546,1.0,167.3061991845377,0,0
56,1499.0,900.0,0.24267996368609607,0.8333333333333334,258.3365876627946,0,0
57,1765.0,1000.0,0.09980960739115922,1.0,190.3103925227242,0,0
58,3916.0,1700.0,0.4151406512418354,1.0,361.96751062819766,0,0
59,1353.0,600.0,0.33217702052024356,0.5,191.1900213958597,0,0
60,3089.0,1400.0,0.23525116331715432,0.3333333333333333,327.1121192310975,0,0
61,937.0,300.0,0.20131592938808604,0.6666666666666666,143.3401777760348,0,0
62,1719.0,600.0,0.5427239193274193,0.3333333333333333,336.4240070059608,0,0
63,2150.0,1400.0,0.24474897822014352,0.6666666666666666,279.6106665389256,0,0
64,2601.0,1200.0,0.4356451733090773,1.0,339.9892153648515,0,0
65,2752.0,1000.0,0.5282267348660055,0.16666666666666666,300.0739426029171,1,0
66,2856.0,1600.0,0.4350183997530771,0.8333333333333334,391.8158315845949,0,0
67,1708.0,1100.0,0.9200665809787051,1.0,202.8550660653986,0,0
68,1623.0,600.0,0.3082565857726044,0.5,84.98879111396201,0,0
69,2940.0,2100.0,0.1710295719337224,0.3333333333333333,589.8380732314818,0,0
70,1833.0,1400.0,0.4915841817150677,0.16666666666666666,187.25805317104297,0,1
71,1125.0,700.0,0.4480868562503023,0.16666666666666666,146.60484416689698,0,0
72,1200.0,700.0,0.1421341855765677,0.3333333333333333,69.60562382007366,0,0
73,1321.0,400.0,0.4178092624215297,0.8333333333333334,241.09493667508335,0,0
74,2499.0,1900.0,0.40958421696035413,0.5,201.80006502440708,0,0
75,2130.0,1000.0,0.4523314532770349,0.16666666666666666,238.87881004043493,0,1
76,2726.0,2100.0,0.447183697707976,0.5,595.4084320000027,0,0
77,1649.0,900.0,0.14201722479511536,0.8333333333333334,223.6256911238345,0,0
78,2146.0,500.0,0.2139095960313452,0.0,454.9562879233021,0,0
79,2648.0,700.0,0.5551026251000659,0.0,232.01303849552454,0,0
80,1739.0,1100.0,0.10566318795726062,1.0,321.74966140074304,0,0
81,2454.0,1400.0,0.88311521830775,0.8333333333333334,413.33856797572525,0,0
82,1483.0,400.0,0.27622031416866216,0.6666666666666666,223.32549720724947,0,0
83,1697.0,1100.0,0.17404720835804807,1.0,235.16943347746295,0,0
84,1683.0,1200.0,0.5998266505151868,0.6666666666666666,173.0689581317736,0,0
85,1167.0,600.0,0.5706202863528169,0.5,200.5308495511778,1,0
86,2488.0,1300.0,0.339353863542587,0.16666666666666666,520.762873267562,0,0
87,1618.0,400.0,0.3254253665526882,0.8333333333333334,222.51549013500545,0,0
88,2009.0,1400.0,0.3557197516678964,0.8333333333333334,362.88767963366,0,0
89,2481.0,1100.0,0.19651526594063512,0.3333333333333333,346.46357647453175,0,0
90,2443.0,1800.0,0.7932943300485271,0.8333333333333334,327.4240621188452,0,0
91,2696.0,1200.0,0.6498766515230537,0.8333333333333334,280.02460126853214,0,0
92,1912.0,1100.0,0.5774170356464781,0.0,401.89703141711374,0,0
93,1652.0,700.0,0.6125126359887003,0.16666666666666666,313.7755872409356,1,1
94,1928.0,700.0,0.32848903123298706,0.6666666666666666,262.4854602496738,0,0
95,935.0,600.0,0.0696808528148462,0.6666666666666666,69.13509873873862,0,0
96,1042.0,500.0,0.12132531744806746,0.6666666666666666,132.68358407654824,0,0
97,1102.0,600.0,0.43537655592630004,0.3333333333333333,163.1266488907441,1,0
98,1276.0,1000.0,0.1311645751385722,0.8333333333333334,254.98337734329618,0,0
99,2392.0,1900.0,0.4602465286927558,0.5,183.73260004427735,0,0
100,1329.0,1000.0,0.1649151156707954,0.16666666666666666,87.61157880992862,0,0
101,1686.0,600.0,0.4102475584580621,0.0,226.19615338664994,0,0
102,3585.0,2100.0,0.31585717252346385,1.0,228.64675728687493,0,0
103,1702.0,1200.0,0.21639661461689377,0.6666666666666666,331.3977415281051,0,0
104,2785.0,1300.0,0.43685929423230696,0.5,336.7328491076557,0,0
105,1313.0,400.0,0.7050456544636262,0.16666666666666666,185.9759465942095,0,0
106,1822.0,1300.0,0.7504310060273089,0.0,172.73084748255945,0,1
107,1303.0,700.0,0.17436838387867223,0.16666666666666666,159.4847703791584,0,0
108,1715.0,1000.0,0.3617462030838602,0.0,374.69502505350755,0,1
109,2916.0,2300.0,0.40225943774384243,0.5,335.6376786230834,0,0
110,918.0,500.0,0.6135069013237128,0.16666666666666666,51.44060275066085,0,1
111,2430.0,1200.0,0.17429778355828027,0.0,228.89166587559967,0,0
112,2224.0,1000.0,0.6162949841304295,0.16666666666666666,503.818348200857,0,0
113,1529.0,700.0,0.21501701657154568,0.6666666666666666,252.69019949291754,0,0
114,1042.0,300.0,0.4152593320769049,0.5,77.28900710465747,0,0
115,2064.0,1400.0,0.4650410304193071,0.16666666666666666,317.8602398454453,0,0
116,1575.0,1100.0,0.26753736591068783,0.8333333333333334,71.22267643171223,0,0
117,2219.0,900.0,0.36249453106701884,0.5,318.06668922081894,0,0
118,2018.0,800.0,0.2453401284294093,0.16666666666666666,153.74919434176473,0,0
119,4108.0,3000.0,0.5566258237556466,0.6666666666666666,668.9447018768201,0,0
120,1794.0,500.0,0.18670059521493593,1.0,327.80391685293466,0,0
121,1261.0,700.0,0.0785188422095277,0.5,85.48339252244642,0,0
122,2166.0,1100.0,0.5962694660980687,0.16666666666666666,245.1461400709079,0,0
123,2206.0,1400.0,0.34310909228653813,0.3333333333333333,136.96978942608467,0,0
124,3684.0,1300.0,0.24023734036362943,0.6666666666666666,346.23378744040406,1,0
125,2910.0,1800.0,0.38341159107536366,1.0,161.08582738697103,0,0
126,2346.0,1100.0,0.4184328302935397,1.0,204.69214721921554,0,0
127,3860.0,2300.0,0.2715216786966795,1.0,744.6441011820712,0,0
128,1170.0,300.0,0.4546032070799369,0.8333333333333334,78.7585917565882,0,0
129,1498.0,800.0,0.29567201615290306,0.6666666666666666,257.34956225625365,0,0
130,1317.0,700.0,0.18613383668305333,0.6666666666666666,83.94356178278288,0,0
131,1677.0,600.0,0.3892372885114275,0.8333333333333334,204.40548013224574,1,0
132,1075.0,400.0,0.25851614928384864,0.8333333333333334,119.18683152715631,0,0
133,2659.0,900.0,0.01704682503439047,0.6666666666666666,418.51498432344545,0,0
134,1808.0,800.0,0.54466709418619,0.0,121.69457179216849,0,0
135,1031.0,300.0,0.5304667229475923,1.0,69.76176200932909,0,0
136,1265.0,1000.0,0.4977567570886673,0.0,209.09013413139184,0,0
137,2301.0,1100.0,0.2293648224920568,0.3333333333333333,404.8696751909851,0,0
138,2914.0,2000.0,0.3750034856548733,0.5,370.6779749165948,0,0
139,4908.0,3900.0,0.14117393259390099,1.0,250.1043009126362,0,1
140,7415.0,2200.0,0.30104603238890226,0.0,569.6903884570035,0,0
141,2408.0,1500.0,0.30969635272623375,0.5,412.5708641694833,0,0
142,1280.0,900.0,0.5676259519554312,0.3333333333333333,198.66027295192626,0,0
143,766.0,500.0,0.04027236459711885,0.0,102.68855930434466,0,0
144,2254.0,1100.0,0.6385289546962583,0.16666666666666666,211.73848353446436,1,0
145,1386.0,700.0,0.4352912387727764,0.3333333333333333,141.34604612738315,0,0
146,1658.0,400.0,0.3590885404765314,1.0,332.8835627767397,0,0
147,1517.0,800.0,0.5634430577870208,0.3333333333333333,223.0982415963643,0,0
148,1876.0,1500.0,0.535999209538518,1.0,131.5580804961822,0,0
149,3228.0,2500.0,0.2831710772255693,0.8333333333333334,564.5072152498414,0,0
150,2145.0,600.0,0.5787144904948484,0.8333333333333334,307.0161568194341,0,0
151,1861.0,1200.0,0.40781121529157294,0.8333333333333334,195.69900267295878,0,0
152,1254.0,500.0,0.3979429958022923,0.6666666666666666,118.61689173917225,0,0
153,940.0,700.0,0.8149375214347838,0.8333333333333334,151.8967021221699,0,0
154,1605.0,400.0,0.7605005494213938,0.16666666666666666,168.82904709060693,0,1
155,1950.0,1500.0,0.7612430073467322,0.8333333333333334,281.3139127808371,0,0
156,4427.0,3100.0,0.1916510811994939,0.0,750.7826093915932,0,0
157,2119.0,700.0,0.5692563020098612,0.8333333333333334,176.07348076447684,0,0
158,3110.0,900.0,0.49733539383417197,0.6666666666666666,577.9186734941437,0,0
159,1596.0,1100.0,0.3663584716454985,0.8333333333333334,180.47403120840013,0,0
160,1172.0,400.0,0.2431390357217002,0.6666666666666666,120.77318461552508,0,0
161,1294.0,700.0,0.12694388803526527,0.3333333333333333,173.8340079123802,0,0
162,1442.0,1100.0,0.4334135205983694,0.3333333333333333,138.6665941307882,0,0
163,5207.0,2900.0,0.4861284642173889,0.6666666666666666,599.8683444775012,0,1
164,1381.0,600.0,0.38876450833296117,0.5,186.9137581068847,0,0
165,2914.0,1400.0,0.34527389849916945,0.3333333333333333,561.8179718164538,0,0
166,1331.0,400.0,0.29830264155155517,0.5,181.71249992775032,0,0
167,3039.0,2400.0,0.2224632715044025,0.5,493.5376037739857,0,0
168,2376.0,1000.0,0.2299790141429684,0.16666666666666666,220.8145966107662,0,0
169,1862.0,700.0,0.3005342447358267,0.6666666666666666,188.5881466951687,0,0
170,1962.0,800.0,0.4150122062393347,0.3333333333333333,271.7742158235663,0,0
171,1488.0,1200.0,0.6029395808368585,0.16666666666666666,79.5697295735259,0,0
172,2442.0,700.0,0.32048045098994243,0.3333333333333333,402.7491743026772,0,0
173,1628.0,1200.0,0.5204836568554608,0.0,169.93549371383156,0,0
174,1151.0,700.0,0.7346427327505336,0.6666666666666666,116.47227670013984,0,0
175,1124.0,800.0,0.20976265467335545,0.8333333333333334,100.84078580710846,0,0
176,2160.0,1700.0,0.14058256287785978,1.0,183.54974489462012,0,0
177,4067.0,2900.0,0.3747420843567832,0.16666666666666666,390.7966942912191,0,0
178,2147.0,1700.0,0.25399069459857526,0.5,321.3783201033801,0,0
179,1894.0,600.0,0.5730799997028005,0.5,233.88818063076582,0,0
180,2272.0,1600.0,0.5557800149364656,0.8333333333333334,197.17193985466892,0,0
181,3596.0,2000.0,0.5435805298681975,0.6666666666666666,279.91042237014943,0,0
182,2206.0,1200.0,0.47648357795231777,0.8333333333333334,379.7755001234088,0,0
183,1661.0,1200.0,0.5388230032747819,0.8333333333333334,95.43828170119495,0,0
184,3287.0,2600.0,0.14814697010787467,0.0,339.9346831614309,0,0
185,2423.0,1500.0,0.40200473012743787,0.3333333333333333,326.5089848363699,0,0
186,3988.0,2100.0,0.40507410589027126,0.6666666666666666,595.1863808281576,0,0
187,2170.0,1100.0,0.347268265595649,0.5,325.66935377886745,0,0
188,1152.0,500.0,0.11008456199562527,0.5,171.51482239356548,0,0
189,1080.0,500.0,0.33617512604277044,0.16666666666666666,234.66275793918652,0,0
190,4200.0,2000.0,0.3779344758309364,0.6666666666666666,804.1792569555761,0,0
191,4340.0,1300.0,0.3312464957308478,0.8333333333333334,341.92928741385884,0,0
192,1843.0,500.0,0.23339200036687052,0.0,143.84003312061702,1,0
193,1682.0,1100.0,0.2738043134258887,0.6666666666666666,172.4719402260173,0,0
194,3857.0,1900.0,0.20040744983073322,1.0,429.75179554626885,0,0
195,1214.0,900.0,0.4530105761349473,0.6666666666666666,162.94674857968553,0,0
196,1336.0,800.0,0.4602032205435004,1.0,111.35288541766712,0,0
197,2669.0,700.0,0.49923999370826483,0.3333333333333333,198.38058496937077,0,0
198,1673.0,600.0,0.08346627489102502,0.0,186.9411389549681,0,0
199,1994.0,700.0,0.7121245725466424,0.6666666666666666,314.86080730812824,0,0
200,1857.0,1500.0,0.7151992067987536,0.16666666666666666,290.24132903964954,0,0
201,2326.0,900.0,0.4718280247023842,0.0,461.93806541391183,0,1
202,3764.0,2000.0,0.4113680466308926,0.16666666666666666,353.2783228865578,0,0
203,2081.0,1600.0,0.5948460192952715,1.0,212.5275045088303,0,0
204,2670.0,2100.0,0.18967353138640705,0.8333333333333334,586.4691691992508,0,0
205,794.0,300.0,0.6225411397045452,0.16666666666666666,112.93374799263287,0,0
206,1955.0,500.0,0.5311088145147216,0.6666666666666666,301.53655240186174,0,0
207,1367.0,500.0,0.5464498685717948,0.3333333333333333,201.0822474850025,0,0
208,1155.0,300.0,0.31210926693447677,0.16666666666666666,68.75642799437541,0,0
209,1346.0,500.0,0.5419859384687421,1.0,288.80960472102106,0,0
210,1719.0,1000.0,0.11677850230369036,0.8333333333333334,258.83279982458197,0,0
211,3017.0,2300.0,0.5997599691142259,0.3333333333333333,373.6286833159869,0,0
212,1100.0,600.0,0.06377734565735418,0.3333333333333333,138.62904479533307,0,0
213,2026.0,1200.0,0.45533969909999283,0.8333333333333334,245.36911780427653,0,0
214,1607.0,600.0,0.7025110630775426,0.5,154.82015898862934,0,0
215,1724.0,1200.0,0.20259791983762052,0.3333333333333333,251.73964912244148,0,0
216,3138.0,1900.0,0.6785802097300736,0.3333333333333333,391.22834897549785,0,0
217,2546.0,1800.0,0.42509685514344825,0.5,143.11615141634948,0,1
218,3648.0,2800.0,0.49891724020818123,0.5,380.4405046107101,0,0
219,1864.0,800.0,0.6911865236787094,0.0,436.0296114500468,0,0
220,1461.0,400.0,0.08970766489830474,0.5,158.61052399455818,0,0
221,1807.0,700.0,0.4614218631770796,0.5,201.10599504099244,0,0
222,2229.0,1100.0,0.27378570176654243,0.16666666666666666,358.1871377640138,0,0
223,2163.0,1700.0,0.5027122567904924,0.3333333333333333,354.8042778666532,1,0
224,1227.0,600.0,0.0707233783790203,0.3333333333333333,202.95524606905968,0,0
225,2081.0,1400.0,0.34633991508239526,0.3333333333333333,307.7894528176857,0,0
226,2214.0,1200.0,0.4086263153427775,1.0,141.8106177956932,0,0
227,6203.0,2200.0,0.17348261364331977,0.5,1293.2242393793392,0,0
228,4650.0,2000.0,0.3949251686800126,0.5,998.4913418716217,0,0
229,1361.0,800.0,0.3522958856624734,0.16666666666666666,160.57619511483267,0,0
230,1756.0,1100.0,0.47597314868844964,1.0,229.90182418635612,0,0
231,1034.0,500.0,0.5783487374495889,0.0,89.51398981924146,0,0
232,1532.0,600.0,0.4776103265605532,0.5,168.3524752907026,0,0
233,2303.0,1500.0,0.639865365308581,0.16666666666666666,180.20051462507263,0,0
234,3438.0,1200.0,0.5682404772073166,0.8333333333333334,199.2920382384687,0,0
235,1439.0,1100.0,0.4776866126748032,0.3333333333333333,268.2429493456935,0,0
236,1489.0,500.0,0.4362697720069307,0.3333333333333333,106.32182175108609,0,0
237,760.0,200.0,0.43951373693319556,0.0,91.8730288806262,1,0
238,1857.0,1000.0,0.2726649720142944,0.8333333333333334,176.66044523452612,0,0
239,1239.0,700.0,0.07304215239223276,0.3333333333333333,106.45085782541769,0,0
240,1575.0,800.0,0.556655471528725,0.16666666666666666,167.58857877277558,0,0
241,1347.0,700.0,0.5710846018665849,0.8333333333333334,116.24645871371287,1,1
242,1915.0,1500.0,0.5934261070764404,0.0,324.5716453817908,0,0
243,906.0,500.0,0.008579295366113907,0.5,213.9742005544152,0,0
244,1033.0,500.0,0.20552892595871017,0.16666666666666666,105.57312974329199,0,1
245,5209.0,2500.0,0.35637394524185795,0.0,1047.1728401461278,0,1
246,1120.0,300.0,0.34820336262054497,0.0,152.03691166416087,0,0
247,1220.0,700.0,0.5992019046390814,0.16666666666666666,166.7824189485484,0,0
248,4567.0,1700.0,0.30221887349601667,1.0,461.2536062381226,1,0
249,7386.0,4400.0,0.1877145541537753,0.5,418.52176312943516,0,0
250,1179.0,300.0,0.6816941907587705,1.0,203.61889946867822,0,0
251,1693.0,1300.0,0.6575164905542578,0.16666666666666666,208.69543954063278,0,0
252,2330.0,1200.0,0.28653237775133705,0.8333333333333334,291.29188817633485,0,0
253,4350.0,3200.0,0.6371622641053254,0.0,503.441925230329,0,1
254,1282.0,700.0,0.5734730248926191,0.0,118.34168711246531,0,0
255,1789.0,500.0,0.08585071842000754,0.0,298.3583298036515,0,0
256,2835.0,2000.0,0.2580181602327622,1.0,262.6260277138601,0,0
257,2430.0,1500.0,0.4464930276622581,0.6666666666666666,496.63914184874915,0,0
258,1687.0,1100.0,0.5977486254504816,0.8333333333333334,170.44894664477977,0,0
259,1881.0,900.0,0.38588814708600633,1.0,114.10041103057297,0,0
260,1076.0,600.0,0.2585334459668712,0.3333333333333333,201.32366905629112,0,0
261,1795.0,1300.0,0.2383470122946732,0.8333333333333334,114.58236564481624,0,0
262,1772.0,1100.0,0.5402809564161603,0.5,384.8753632731039,0,0
263,2218.0,1000.0,0.30085846428575963,0.5,333.93256490708336,0,0
264,1556.0,1000.0,0.6750267233363675,0.6666666666666666,125.04999731452027,0,0
265,2471.0,1500.0,0.6349224171483366,0.5,192.72256120345568,0,0
266,3152.0,2500.0,0.562262348376356,0.0,592.4160910119401,0,1
267,2143.0,1000.0,0.49132051424995105,0.0,308.8515235886332,1,0
268,2341.0,1100.0,0.46269657712618684,0.5,391.2372912834348,0,1
269,2047.0,1400.0,0.6330981634161902,0.5,133.00851210214208,0,0
270,1998.0,1100.0,0.29990279182827195,0.8333333333333334,348.1671762820378,0,0
271,1444.0,900.0,0.832658001421738,0.6666666666666666,162.38337976739078,0,0
272,2304.0,1200.0,0.7702988093027343,0.16666666666666666,317.9107425518413,0,1
273,1913.0,700.0,0.029175079033782383,0.3333333333333333,179.3427697143559,0,0
274,5125.0,3400.0,0.19339009790095715,0.5,289.0374554587564,0,0
275,4056.0,1300.0,0.43104520620126163,1.0,819.6069780503566,0,0
276,2377.0,900.0,0.6109954464430982,0.5,479.189356080391,0,0
277,1417.0,800.0,0.18690158305380777,0.6666666666666666,177.62076394484484,0,0
278,1211.0,800.0,0.5905811731333285,0.8333333333333334,180.72030167151468,0,0
279,3415.0,2500.0,0.2629040179381403,0.3333333333333333,268.7142635199775,0,0
280,2249.0,900.0,0.4416816141507038,1.0,164.73849727623093,0,0
281,2480.0,800.0,0.40807585498145676,0.6666666666666666,163.5303446648924,0,0
282,911.0,700.0,0.22980159594885324,0.8333333333333334,106.11118551976566,0,0
283,3033.0,1000.0,0.4624728392105761,0.8333333333333334,172.55021246591468,0,0
284,2452.0,900.0,0.28977868257521683,0.6666666666666666,272.3777373383681,0,1
285,1212.0,500.0,0.18080622704054994,0.0,79.37828849613133,0,0
286,1616.0,900.0,0.056201173346140186,0.6666666666666666,273.7055131279917,0,0
287,2250.0,1700.0,0.5316563241676783,0.0,319.7772906103623,0,0
288,2046.0,1400.0,0.4239735386439675,0.6666666666666666,337.73556164911867,0,0
289,1752.0,1100.0,0.440270680976389,0.6666666666666666,139.96476332790655,0,0
290,1907.0,700.0,0.17738311256125971,0.5,299.37874593200127,0,0
291,1784.0,800.0,0.3468389321325743,0.3333333333333333,152.33951955089265,0,0
292,2140.0,1100.0,0.4304430339010884,0.0,345.2113019491101,0,0
293,3874.0,1300.0,0.27391599904533753,0.6666666666666666,591.3175206244713,0,0
294,630.0,300.0,0.7168205393455971,0.6666666666666666,87.54529437665373,1,1
295,1796.0,800.0,0.5087707285334484,0.5,125.99112337491708,0,0
296,2163.0,700.0,0.37130817090676504,0.8333333333333334,355.34328668921546,0,0
297,2283.0,1300.0,0.45676904054422046,0.8333333333333334,463.38848269485936,0,0
298,1690.0,1100.0,0.6518876929655353,0.5,270.36626892232914,0,0
299,906.0,300.0,0.6994636044408905,0.0,160.0631031723335,0,0
300,2316.0,1200.0,0.6622988260606713,1.0,384.7960144161575,0,0
301,4347.0,3000.0,0.16034336439216657,0.5,342.06599715444196,0,0
302,1002.0,700.0,0.20172767002109565,0.6666666666666666,172.92463585431946,0,0
303,2948.0,2100.0,0.15435393935431696,1.0,253.20812914497046,0,0
304,1724.0,900.0,0.5079078942413866,0.3333333333333333,196.96934698710172,0,0
305,1944.0,1400.0,0.6267078062558937,0.6666666666666666,151.15838532756845,0,0
306,1244.0,500.0,0.3031169870044374,0.0,245.1122889790692,0,0
307,1719.0,800.0,0.29838929263259134,1.0,311.8749277480048,0,0
308,3587.0,1200.0,0.28860874681133153,0.0,277.3784904423365,0,0
309,2597.0,1300.0,0.17023228094277235,0.5,339.137083896962,0,0
310,4357.0,2000.0,0.8051615796061616,0.3333333333333333,417.99247044090487,0,0
311,3394.0,1300.0,0.33850084061698105,0.0,438.6107449078645,1,1
312,2435.0,1600.0,0.5859376757216594,0.5,457.1517581502535,0,0
313,4380.0,1900.0,0.7994830590320716,1.0,381.38331353268273,0,0
314,2435.0,1000.0,0.7365099776056127,0.16666666666666666,293.1899592373959,0,0
315,2900.0,900.0,0.15973743530910048,0.3333333333333333,400.07376702134655,0,0
316,1749.0,900.0,0.35813416173741813,0.16666666666666666,186.91148250276302,0,0
317,2059.0,900.0,0.4588628084646072,0.0,236.87605867460906,0,0
318,1460.0,700.0,0.6754328815255937,0.16666666666666666,100.30995839717056,0,0
319,3119.0,1200.0,0.41090329775812395,0.6666666666666666,226.95819258925084,0,0
320,1176.0,800.0,0.21725357727699432,0.8333333333333334,143.85271053124617,0,0
321,2841.0,2200.0,0.3380133406411783,0.6666666666666666,522.3563351682906,0,0
322,1834.0,1000.0,0.027681778118228695,0.8333333333333334,169.69150963493234,0,0
323,3385.0,2000.0,0.4802485779778533,0.8333333333333334,246.11217661826817,0,0
324,2801.0,2000.0,0.5557881905404206,0.3333333333333333,444.38140073052824,0,0
325,4534.0,3600.0,0.37275337846858814,1.0,761.5029684114786,0,0
326,2776.0,1600.0,0.6177743261795969,0.16666666666666666,285.4331578736695,0,0
327,985.0,700.0,0.232258795904185,0.6666666666666666,53.18616941522268,0,0
328,1939.0,1500.0,0.5655108146425489,0.0,244.2839696462092,0,1
329,1179.0,800.0,0.3243803102285442,0.8333333333333334,151.04437678632033,1,1
330,1583.0,800.0,0.26887039156588494,0.0,242.92606534083637,1,0
331,3944.0,1200.0,0.2540255737208231,0.16666666666666666,359.91219240785813,0,0
332,2662.0,700.0,0.5427468814622073,0.3333333333333333,120.18933697987931,0,0
333,1459.0,700.0,0.42287263475114056,0.6666666666666666,159.68192523491848,0,0
334,1266.0,700.0,0.3809060113217047,0.0,197.08279798212604,0,0
335,2028.0,1000.0,0.5210082354337596,0.16666666666666666,205.8233498677715,0,0
336,1156.0,700.0,0.3349407052080465,0.3333333333333333,97.71921224203675,0,0
337,1477.0,800.0,0.3801657976698443,0.8333333333333334,146.92419439199526,0,0
338,2299.0,1600.0,0.6989127051152559,1.0,313.17116755926696,1,0
339,3361.0,1000.0,0.18438120815715334,0.6666666666666666,202.69257772338267,0,0
340,2628.0,1000.0,0.21851250247720436,0.5,418.2126518923126,0,0
341,713.0,500.0,0.6925618450860429,0.3333333333333333,106.98757198974226,0,0
342,2292.0,1600.0,0.5955155740650845,0.8333333333333334,267.45124188887513,0,0
343,2064.0,1600.0,0.306164766536646,0.0,366.48381462758994,0,0
344,2407.0,1800.0,0.2659129708207433,0.0,468.86316350912256,0,0
345,4135.0,3100.0,0.2612404301835954,0.16666666666666666,398.2618928468172,0,0
346,790.0,300.0,0.6120789768810847,0.16666666666666666,39.11182041918572,0,0
347,1532.0,700.0,0.31782205021141197,0.5,153.12974626354097,0,0
348,2607.0,1000.0,0.22688627022659838,1.0,209.01758312230643,0,0
349,981.0,600.0,0.610743448577523,0.6666666666666666,121.42611096211851,0,0
350,3882.0,3000.0,0.1588215870526923,0.3333333333333333,732.1469663805334,0,0
351,2358.0,1000.0,0.3485471454161906,0.16666666666666666,420.2237716682651,0,1
352,2925.0,1600.0,0.6689454441355738,0.6666666666666666,276.12262847426257,0,0
353,1545.0,600.0,0.4971695773022378,0.16666666666666666,169.29201259982003,0,0
354,2882.0,1000.0,0.886682665901967,1.0,139.03143186833685,0,0
355,3232.0,1200.0,0.35741420984460487,0.5,428.5910675687133,0,0
356,2219.0,600.0,0.3631472351391669,0.5,121.4428284448726,0,0
357,2220.0,1700.0,0.3145354311012679,1.0,380.3392269305902,0,0
358,2257.0,1100.0,0.5023363756423176,0.3333333333333333,396.5696007977075,0,0
359,1355.0,1000.0,0.4228197567928386,0.5,119.45214928100872,0,1
360,1870.0,1200.0,0.49680083889493065,0.5,295.04963527938173,0,0
361,1866.0,700.0,0.22769926374653546,0.16666666666666666,238.8887764262195,0,0
362,2374.0,800.0,0.5346160613980221,0.0,380.97747370284424,0,0
363,3134.0,2200.0,0.566431671173731,0.16666666666666666,404.48429159161446,0,1
364,1241.0,500.0,0.42525314313556223,0.0,74.32065509378911,0,0
365,1889.0,1400.0,0.2626545316273095,0.6666666666666666,297.7369372941384,0,0
366,3892.0,1300.0,0.7163520490128484,0.0,196.21623545838557,0,0
367,1430.0,900.0,0.5991740374510902,0.3333333333333333,169.02557406948353,0,0
368,1380.0,1000.0,0.512678437305327,1.0,107.21715345399215,0,0
369,2189.0,800.0,0.14068635845453636,0.5,406.9067366056051,0,0
370,2922.0,1200.0,0.4387811682380559,0.6666666666666666,594.4172165161156,0,0
371,2008.0,1600.0,0.5078762485839312,0.6666666666666666,142.8126072794303,0,0
372,3634.0,1400.0,0.2709339072910784,0.3333333333333333,414.144032150768,0,0
373,2938.0,1400.0,0.2677598618423928,0.6666666666666666,382.6055978756589,0,0
374,2918.0,1400.0,0.5809342491653792,0.16666666666666666,220.96314822325425,0,0
375,2564.0,1000.0,0.4187943986540659,0.6666666666666666,327.0772703786592,0,1
376,5696.0,3900.0,0.24905870617253517,0.6666666666666666,788.6820936052773,0,0
377,1822.0,1200.0,0.3516899735929446,1.0,190.97639860761026,0,0
378,811.0,400.0,0.13358303649638426,1.0,135.08215783951647,0,0
379,4113.0,2900.0,0.4200196120744438,0.0,565.9650439354516,0,0
380,1626.0,600.0,0.8732046902253949,0.3333333333333333,188.87932648580247,0,0
381,2098.0,500.0,0.440939092475999,0.5,150.35208460013422,0,0
382,3602.0,2000.0,0.5053951815333191,0.3333333333333333,175.68084806625973,0,0
383,972.0,800.0,0.3789479329745713,0.6666666666666666,53.70521614641803,0,0
384,1138.0,300.0,0.20754011628139982,0.8333333333333334,217.6328539714423,0,0
385,972.0,400.0,0.3675291830360611,0.16666666666666666,157.48059125004136,0,0
386,1398.0,700.0,0.35726195350166157,1.0,243.18121033656385,0,0
387,2435.0,1700.0,0.6667555831948518,1.0,190.52497657181328,0,0
388,2530.0,800.0,0.26971365698425276,1.0,304.3822689450194,0,0
389,2263.0,1100.0,0.6075460108187714,0.0,365.3505794886367,1,1
390,1058.0,700.0,0.2586718405045495,0.3333333333333333,157.49763247642016,0,0
391,707.0,300.0,0.5139155759443749,0.0,43.94604227138955,0,0
392,2048.0,700.0,0.1528653636705421,0.0,377.7780803024255,0,0
393,1616.0,600.0,0.5140567308829601,0.0,116.41826332145128,0,0
394,2457.0,1200.0,0.27767985455636573,0.5,174.78534294608497,0,0
395,2740.0,1400.0,0.10325220625286675,0.0,587.9695557932403,0,0
396,2126.0,1500.0,0.22724945115435172,0.3333333333333333,271.6756403094155,0,1
397,2813.0,1700.0,0.4658732589074171,1.0,286.58719885313457,0,0
398,2215.0,1400.0,0.4448817534088495,1.0,299.0009952990789,1,0
399,2536.0,2000.0,0.10395997305575415,1.0,448.7698526792487,0,0
400,1455.0,700.0,0.48367503115576266,0.0,94.54145127920435,0,0
401,1843.0,900.0,0.35438429242102776,0.6666666666666666,291.76110253049904,0,0
402,2183.0,1700.0,0.23649923865139996,0.6666666666666666,191.36697128860644,0,0
403,2891.0,1100.0,0.26237476408425503,0.0,202.87376686930943,0,0
404,1674.0,1100.0,0.4590348756615245,1.0,180.05864877013767,0,0
405,2526.0,1700.0,0.35528284144436684,0.3333333333333333,322.3419707749885,0,0
406,1773.0,500.0,0.24124946633613908,1.0,135.2686046774512,0,0
407,1895.0,1000.0,0.3000908829792002,0.0,272.07331264432264,0,0
408,2902.0,1000.0,0.23792444317195635,0.6666666666666666,393.860019221116,0,0
409,815.0,300.0,0.2869711468200024,0.0,88.21278595657287,0,0
410,1115.0,600.0,0.12460331709892698,1.0,148.42803392246293,0,0
411,1026.0,400.0,0.09942121406494846,0.6666666666666666,193.691825226542,0,0
412,699.0,500.0,0.2464660770826479,0.0,88.25242931851409,0,1
413,1473.0,1100.0,0.5403942935002519,0.16666666666666666,155.71147348841404,0,0
414,2800.0,1900.0,0.37979317560700054,0.3333333333333333,393.19624997948273,0,0
415,1758.0,700.0,0.47881769433104004,0.0,254.84141476482603,0,0
416,2184.0,900.0,0.36704502414835083,0.0,141.94498623003517,0,0
417,3262.0,1300.0,0.4521862000360394,1.0,307.84048855674746,0,0
418,3632.0,1200.0,0.24375828361062662,1.0,280.2250425141636,0,0
419,1937.0,1500.0,0.2442280158943589,0.5,227.29479484962496,0,0
420,3674.0,1700.0,0.3669526985444755,1.0,748.7252240655494,0,0
421,2083.0,800.0,0.6649350031743582,0.6666666666666666,266.85239002508524,0,1
422,1371.0,1000.0,0.19705545916703301,0.0,154.11983180468678,0,0
423,1529.0,700.0,0.2727249039683693,0.8333333333333334,247.1107155034418,0,0
424,1026.0,300.0,0.28929382826143674,0.0,158.1463792851797,0,0
425,1340.0,500.0,0.8063805912514748,0.8333333333333334,167.85026019497903,1,0
426,1701.0,1000.0,0.4037885019474423,0.3333333333333333,210.04215499869917,0,0
427,2869.0,2000.0,0.3829141911271419,0.0,457.47054104283274,0,0
428,4334.0,1600.0,0.28508593737974736,0.16666666666666666,259.05235689233626,0,0
429,1073.0,800.0,0.014846738059115301,0.6666666666666666,153.19112300100758,0,0
430,2385.0,1700.0,0.5881350389416676,0.8333333333333334,337.6978173455322,0,0
431,1251.0,900.0,0.14261960010836294,0.5,209.95262327641328,0,0
432,2474.0,900.0,0.34295364051989835,0.16666666666666666,454.4789178309398,0,0
433,1884.0,500.0,0.14286699234800065,1.0,331.38272478602937,0,0
434,877.0,600.0,0.5888305409920408,0.8333333333333334,109.38547786872958,0,0
435,3034.0,1300.0,0.5056764322762097,0.3333333333333333,221.76468754856808,0,0
436,1522.0,900.0,0.10270085458399639,0.5,266.7614209324011,0,0
437,1571.0,1000.0,0.21674132100312335,1.0,232.80514613384247,0,0
438,1235.0,400.0,0.40238972763877284,0.3333333333333333,256.9548865611738,0,0
439,1489.0,1000.0,0.03137970457041107,0.0,236.4586094433955,0,0
440,2422.0,1900.0,0.04608696026644577,0.16666666666666666,192.24175920712796,0,0
441,1835.0,1200.0,0.3018820910222461,0.6666666666666666,361.83267545484154,0,0
442,2317.0,1100.0,0.5382583276711788,1.0,381.1601463589848,0,0
443,2352.0,1700.0,0.31726866208419285,0.8333333333333334,331.9580773420224,0,0
444,3620.0,2000.0,0.6131232385902673,0.6666666666666666,552.3942121834948,0,0
445,1713.0,1100.0,0.38848337019237456,0.3333333333333333,196.02213349862913,0,0
446,1028.0,700.0,0.313960201194965,0.5,162.84913782142482,0,0
447,3230.0,2100.0,0.5755253683794717,0.0,287.8709505771651,0,1
448,1721.0,700.0,0.16978208130177092,0.3333333333333333,116.10348054184841,0,0
449,3300.0,1000.0,0.5119570276943438,0.6666666666666666,498.3278692212546,0,0
450,2374.0,900.0,0.5927199610017173,1.0,372.42349559715325,0,0
451,1884.0,1000.0,0.3094077033128971,1.0,328.63635717611606,0,0
452,2338.0,1200.0,0.09029105424946088,0.8333333333333334,197.2998535407987,0,0
453,4808.0,2700.0,0.023869657095527193,0.0,354.5944525785653,0,0
454,5088.0,2400.0,0.23579927490811373,0.8333333333333334,396.57597057873363,0,0
455,2062.0,1400.0,0.28346958683581863,0.16666666666666666,326.03908339092175,0,0
456,2148.0,1600.0,0.3529771082187078,0.6666666666666666,331.88564216143317,0,0
457,3243.0,1300.0,0.36424055003690986,1.0,595.3168517780659,0,0
458,1366.0,900.0,0.27800705223423056,1.0,117.48333798503977,0,0
459,2321.0,1400.0,0.21553125307236443,0.6666666666666666,370.8850984590302,0,0
460,1975.0,1100.0,0.1574836185633261,0.3333333333333333,299.4645680674144,0,0
461,2301.0,800.0,0.11949242974627257,0.5,191.96934939244454,0,0
462,1373.0,900.0,0.4336084232596621,0.6666666666666666,261.6146155576822,0,0
463,977.0,800.0,0.5826524419667654,0.5,145.3023504431625,0,0
464,786.0,500.0,0.17505250395699817,0.3333333333333333,42.09121857368897,0,0
465,1209.0,900.0,0.5258277204680405,0.3333333333333333,59.63638512116492,0,0
466,1626.0,1300.0,0.2755521892870448,0.6666666666666666,286.8126058711167,0,0
467,1751.0,800.0,0.5396616322865436,0.0,251.20053349474242,0,0
468,4778.0,2900.0,0.5853328235729153,1.0,844.6468679790516,0,0
469,3287.0,1700.0,0.39812626036683363,0.0,486.54517306269935,0,0
470,1296.0,1000.0,0.14184835249153183,1.0,176.11024395842574,0,0
471,2337.0,700.0,0.13056785817600144,0.0,366.67853468237604,0,0
472,1664.0,800.0,0.35081072672619323,0.5,316.93056027463194,0,0
473,1758.0,1300.0,0.17705320028237143,0.3333333333333333,117.83868543955818,0,0
474,2172.0,900.0,0.5876773217551372,0.6666666666666666,311.1392314815053,1,0
475,2640.0,1800.0,0.26883901195195176,0.5,231.68515382431406,0,0
476,1715.0,800.0,0.43780574087511076,1.0,152.10521594238287,0,0
477,3225.0,2500.0,0.438287004508682,0.0,345.96878807854574,0,1
478,1195.0,900.0,0.7097567060605874,1.0,193.56590255329857,0,0
479,2004.0,800.0,0.2505752676555122,0.6666666666666666,114.26064409448205,1,0
480,6431.0,4300.0,0.3835486758960522,0.8333333333333334,682.1853868906768,0,0
481,2209.0,1000.0,0.4368814382311226,0.0,305.770913407134,0,0
482,3808.0,2200.0,0.3002694403220128,0.0,243.5087550960477,0,1
483,2082.0,1300.0,0.3019596024243709,0.3333333333333333,386.4211498756182,0,0
484,2595.0,1800.0,0.21413795170352898,0.3333333333333333,507.0517297720236,0,0
485,1948.0,500.0,0.47934511447793143,0.8333333333333334,122.73529210534184,0,0
486,1851.0,700.0,0.4699909277100604,1.0,115.66764597013734,0,0
487,1407.0,900.0,0.4639188912650633,0.3333333333333333,244.40209691689745,0,1
488,2425.0,1400.0,0.7625362866903722,0.8333333333333334,168.5185538376881,0,0
489,1362.0,700.0,0.45782379622349917,0.0,95.23464065222328,0,1
490,2696.0,800.0,0.18293569200399695,0.8333333333333334,547.4488696838413,0,0
491,3256.0,1400.0,0.33565031361579034,0.0,547.1668062693564,0,1
492,2357.0,1700.0,0.1333777393240093,0.6666666666666666,329.9466949929015,0,1
493,1757.0,500.0,0.259782474038177,0.3333333333333333,213.93553584498616,0,0
494,2451.0,1100.0,0.7315321722861972,0.3333333333333333,419.71146905277504,0,1
495,1739.0,1300.0,0.4859582789133411,0.16666666666666666,269.8155273978707,0,0
496,3044.0,800.0,0.22830234462539375,0.3333333333333333,439.8035869335328,0,0
497,876.0,600.0,0.7773554395564274,1.0,186.8476823948207,0,0
498,1718.0,700.0,0.1343309034075876,0.8333333333333334,286.03073564733177,0,0
499,816.0,600.0,0.36919947198869635,0.3333333333333333,115.86568373636136,0,0
500,1020.0,700.0,0.625932048613942,0.3333333333333333,118.0544361129887,1,0
501,3691.0,2700.0,0.6014676148324895,0.5,443.5363121591651,0,0
502,2989.0,1100.0,0.17077128022641863,0.6666666666666666,406.6407359672182,0,0
503,1446.0,800.0,0.20572079235274135,0.16666666666666666,145.31225525791783,0,0
504,1016.0,700.0,0.26822592481488783,0.8333333333333334,138.50873212748445,0,0
505,526.0,200.0,0.2931275931810703,1.0,93.1887327708447,0,0
506,1565.0,600.0,0.5115850124196896,0.8333333333333334,180.64475121187982,0,0
507,5938.0,1600.0,0.21832960789396919,0.5,323.7281661822131,0,1
508,2430.0,1900.0,0.30278003813236315,0.3333333333333333,263.7574628029812,0,0
509,1553.0,1000.0,0.23969580967884122,0.3333333333333333,112.76119978016695,0,0
510,2463.0,1500.0,0.44453435338388364,0.8333333333333334,492.87394274714774,0,0
511,990.0,700.0,0.3059784283630442,0.5,114.0565392757316,0,1
512,1748.0,900.0,0.3074413428000934,0.0,138.27284953294458,0,0
513,2090.0,1100.0,0.6815907876026126,0.6666666666666666,331.67752915598584,0,0
514,1922.0,1000.0,0.0985236220326004,0.0,84.861365934464,0,0
515,2852.0,1700.0,0.18844747113280802,1.0,231.33830792727105,0,0
516,2333.0,800.0,0.4231970111153458,0.3333333333333333,363.8836973153834,0,0
517,2699.0,2000.0,0.19856840308428927,0.3333333333333333,363.91765318436023,0,0
518,1466.0,1000.0,0.3074398315888984,0.0,271.03532988731064,0,0
519,2993.0,1300.0,0.47307234142247956,0.16666666666666666,490.6044504841819,0,0
520,4159.0,2400.0,0.5299364897310125,1.0,774.263755482821,1,0
521,1291.0,400.0,0.3357858078444821,0.5,66.8181246841599,0,0
522,1340.0,1100.0,0.4625713029259918,1.0,218.80538203797687,0,0
523,3645.0,2700.0,0.24436227371906313,1.0,716.4274929136031,0,0
524,1833.0,1400.0,0.34526175330334996,0.0,160.12957331080918,0,0
525,3758.0,1600.0,0.42829233543995465,0.3333333333333333,694.2226263402222,0,0
526,1637.0,600.0,0.47069799739727064,0.8333333333333334,170.02399300064948,0,0
527,3846.0,1400.0,0.41386142932596587,0.5,701.359576717217,0,0
528,2120.0,600.0,0.07037654119449845,0.5,302.3072127167473,0,1
529,2244.0,700.0,0.4549018215652325,0.5,277.37115002644475,0,0
530,4040.0,1200.0,0.7789208733055377,0.6666666666666666,314.50286165883364,0,0
531,1698.0,1300.0,0.5178241182681323,1.0,287.48066346574416,0,0
532,1308.0,400.0,0.16130542084990393,1.0,157.88198181332805,0,0
533,1633.0,500.0,0.6723757638373903,0.6666666666666666,86.22022618687319,0,0
534,2449.0,1700.0,0.4737761518279008,0.6666666666666666,114.0718515393181,0,0
535,988.0,600.0,0.6035134942806208,0.3333333333333333,176.6480677091342,0,0
536,2662.0,1800.0,0.2504310506637582,0.0,197.4787708196857,0,0
537,1568.0,900.0,0.6989690127982813,0.6666666666666666,179.15125460187738,0,0
538,3349.0,2500.0,0.40670861092279204,0.0,515.1715062000362,0,0
539,680.0,400.0,0.46503674637618403,0.6666666666666666,51.96391770011277,0,0
540,1403.0,800.0,0.2067703964463872,0.5,203.1333406962228,0,0
541,936.0,600.0,0.3105363652375688,0.8333333333333334,78.52937354428542,0,0
542,1378.0,700.0,0.661559135336087,1.0,313.46520551690503,0,0
543,2234.0,1000.0,0.611223192059515,0.5,442.78942876185215,0,0
544,1843.0,900.0,0.4297810707881547,0.6666666666666666,153.55891432771364,0,0
545,1783.0,600.0,0.37164854685235854,0.5,183.98692572585475,0,0
546,1860.0,1300.0,0.003791474953867304,0.3333333333333333,215.10713031815953,0,0
547,2190.0,900.0,0.23180183687773576,0.0,372.9803141662807,0,0
548,1269.0,400.0,0.30622670970151444,0.0,163.73133891136783,0,0
549,2746.0,1100.0,0.27808490182804746,0.8333333333333334,368.5010410192136,0,0
550,2692.0,1900.0,0.300164605447692,1.0,557.1798395250366,1,0
551,2376.0,1000.0,0.26841481372153714,0.0,171.78577505427458,1,1
552,2567.0,1600.0,0.10902870827845176,0.3333333333333333,334.2001367299001,0,0
553,2283.0,1600.0,0.6731375940612572,0.6666666666666666,149.84718445320357,0,0
554,4993.0,1500.0,0.333906932815776,0.6666666666666666,790.925347498616,0,0
555,1921.0,1300.0,0.2308532104159131,0.8333333333333334,207.69841121390522,0,0
556,1740.0,700.0,0.31880240644448904,0.6666666666666666,303.6509256479116,0,0
557,1424.0,500.0,0.2628436553265112,0.0,185.8804970331142,0,0
558,1256.0,800.0,0.13610526023182176,0.16666666666666666,85.86757086558204,0,0
559,1141.0,900.0,0.12886614616009875,0.5,190.68829805938702,0,0
560,1339.0,600.0,0.1530969589920084,0.0,166.2271788915751,1,0
561,1936.0,1100.0,0.2727700040429761,0.3333333333333333,317.52959540203,0,0
562,2323.0,1000.0,0.34747320203296145,0.3333333333333333,380.8823910455812,0,0
563,2045.0,1100.0,0.4387234426405652,1.0,185.28454311649352,0,0
564,1416.0,800.0,0.32844112405857867,0.3333333333333333,198.8267576276893,1,0
565,2996.0,1800.0,0.2657135962986075,1.0,157.28654218814643,0,0
566,2787.0,1700.0,0.27373290760308727,0.6666666666666666,213.46780769677483,0,0
567,1860.0,600.0,0.3341568334254869,0.6666666666666666,369.46045254244547,1,0
568,1489.0,900.0,0.2293556061629782,0.8333333333333334,254.86879416330007,0,0
569,2558.0,1600.0,0.31279830679284026,0.8333333333333334,211.40932122966984,0,0
570,2175.0,1400.0,0.5565012486776519,0.16666666666666666,158.85674682612222,0,0
571,1041.0,300.0,0.4248853519475113,0.3333333333333333,198.64252048022365,0,0
572,1938.0,1000.0,0.4247142325896005,0.5,122.98256920767187,0,0
573,2248.0,1100.0,0.25196856200661627,1.0,203.03415723384776,0,0
574,1333.0,400.0,0.4427062612575145,0.0,89.14319437905279,0,0
575,2176.0,800.0,0.6108828544043049,0.5,113.82486080978515,0,0
576,1038.0,500.0,0.727766714008777,0.16666666666666666,85.26392556373759,0,0
577,3646.0,2400.0,0.47272075042879497,0.16666666666666666,641.5878873024442,0,0
578,3504.0,1300.0,0.22508867191312326,0.8333333333333334,283.26013582011956,0,0
579,1784.0,1300.0,0.45111227940929555,0.16666666666666666,220.2267044776732,0,1
580,2353.0,1300.0,0.3639629545659696,0.8333333333333334,442.2434952537991,0,0
581,676.0,500.0,0.8137846348797398,1.0,88.62958444641119,0,0
582,1188.0,600.0,0.4494208968056483,0.8333333333333334,204.258925346608,0,0
583,1751.0,900.0,0.194485515403795,0.16666666666666666,322.80136483217797,0,0
584,1233.0,700.0,0.6606365975654664,0.0,181.24253473534557,0,1
585,2756.0,2100.0,0.4915026492633616,0.5,375.26932983897814,0,0
586,4909.0,2600.0,0.015656048189740455,0.5,781.5808110879595,0,0
587,1177.0,600.0,0.4798114233464197,0.8333333333333334,184.24641720464822,0,0
588,1371.0,800.0,0.46723506228897693,0.3333333333333333,216.73469028765993,0,0
589,2222.0,1500.0,0.7591138794277993,0.16666666666666666,150.71907882148497,0,0
590,4126.0,1200.0,0.16707087351728517,1.0,687.3608194962405,0,0
591,1153.0,600.0,0.34921565104259555,1.0,204.11393339114375,0,0
592,2235.0,1200.0,0.25954601167318575,0.6666666666666666,177.34795520081548,1,0
593,4535.0,3400.0,0.12921328891713857,0.6666666666666666,754.4537739074542,0,0
594,950.0,500.0,0.2622769200493879,1.0,86.7026104631651,0,1
595,1123.0,600.0,0.5823609121071494,0.5,103.04807415339049,0,0
596,1651.0,1300.0,0.3744231547656513,0.16666666666666666,331.26862346040997,0,1
597,1581.0,800.0,0.7349133631340753,0.6666666666666666,174.81814318173807,0,0
598,2880.0,1000.0,0.1133177697471578,0.5,308.4326693681588,0,0
599,2228.0,800.0,0.5792077076023079,0.8333333333333334,224.61679955621574,0,0
600,899.0,300.0,0.7247939282794346,0.8333333333333334,175.8270559311416,0,0
601,2520.0,600.0,0.24669268768756134,0.5,277.7436538947838,0,0
602,1541.0,800.0,0.7130821288223682,0.3333333333333333,234.19110878167243,0,0
603,3546.0,2400.0,0.3108673370701135,0.3333333333333333,574.761562514268,0,0
604,1507.0,1000.0,0.5122628052328584,0.6666666666666666,160.32231439494262,0,0
605,1500.0,400.0,0.5976746413449999,0.6666666666666666,290.87213807860087,0,0
606,2549.0,1400.0,0.4600216923898159,0.5,426.3690224350954,0,0
607,2817.0,900.0,0.13376972986872684,0.5,349.360046263238,0,0
608,2445.0,1900.0,0.2714958884416879,1.0,471.21881988178717,1,0
609,936.0,300.0,0.35692698439186626,0.16666666666666666,105.33683474553567,0,0
610,2546.0,1500.0,0.5942389246115573,0.16666666666666666,132.41414091405613,0,0
611,1255.0,500.0,0.16163535335804735,0.8333333333333334,88.34062732956039,0,0
612,2221.0,1300.0,0.5883391179994096,1.0,279.65032367091845,0,0
613,1053.0,500.0,0.7903607428837346,0.6666666666666666,82.33893200033435,0,0
614,2443.0,1600.0,0.43551663588740236,0.3333333333333333,327.86660122592167,0,0
615,1390.0,500.0,0.034535107100706085,0.3333333333333333,158.25970359664973,0,0
616,1122.0,800.0,0.6900766722793721,0.5,117.31315692348988,0,0
617,2755.0,1400.0,0.26681323869436424,0.0,135.1660896899208,0,0
618,2228.0,1500.0,0.2889988531157162,0.5,376.1624112004065,0,0
619,1516.0,1100.0,0.7201449562280632,0.16666666666666666,173.2139994091349,1,1
620,3839.0,3100.0,0.17451091567485977,0.16666666666666666,291.00379978393414,0,0
621,1639.0,600.0,0.07972993358503268,0.5,201.78946008635586,0,0
622,2027.0,800.0,0.34862463381659403,1.0,287.5798600524211,0,0
623,2255.0,900.0,0.8441197826278438,0.16666666666666666,316.26527259996175,0,0
624,1512.0,600.0,0.26092946205575235,1.0,220.5475309469968,0,0
625,2470.0,1400.0,0.4689607211452557,0.5,125.04570790507523,0,0
626,1572.0,1300.0,0.37522098867505466,1.0,253.39458704743066,0,0
627,1660.0,1300.0,0.43006691615962794,0.3333333333333333,211.4750453365886,1,1
628,3689.0,2000.0,0.28281771594925925,1.0,192.8858673146268,0,0
629,1251.0,800.0,0.2891841064396204,0.6666666666666666,219.46018453013718,0,0
630,675.0,500.0,0.44741357946786137,0.6666666666666666,101.60975074982126,0,0
631,4125.0,3100.0,0.17902103747737405,0.5,673.267873951081,0,1
632,6293.0,2300.0,0.6024170355917671,0.5,713.3695621538545,0,0
633,1665.0,900.0,0.20567663006618309,0.5,186.81287186473958,0,0
634,836.0,600.0,0.8380510611888211,0.8333333333333334,114.61074936138795,1,1
635,1738.0,700.0,0.48860134641545333,0.8333333333333334,93.45750651870937,0,0
636,1757.0,900.0,0.6669142342531608,0.0,154.87207434060966,0,0
637,1835.0,1500.0,0.38651412597201823,0.6666666666666666,380.9213457187552,1,0
638,1211.0,1000.0,0.29105634671273767,0.8333333333333334,180.3076329181083,0,0
639,2594.0,1900.0,0.28128550354983123,0.8333333333333334,280.7849087265439,0,0
640,2530.0,1700.0,0.4525008080424332,0.5,209.1409901984402,0,0
641,1020.0,400.0,0.35852887198376304,0.3333333333333333,191.32998016293794,0,0
642,2737.0,1200.0,0.6136609922618246,0.6666666666666666,232.9152881866045,0,0
643,5033.0,2800.0,0.5856003589948597,0.6666666666666666,356.5668580811172,0,0
644,2159.0,1200.0,0.5610048732204218,0.3333333333333333,131.01379882070228,0,0
645,1717.0,900.0,0.5997753723691784,0.3333333333333333,272.5126772465952,1,1
646,1875.0,1100.0,0.53686543076778,0.3333333333333333,292.5744891618508,0,0
647,2636.0,1300.0,0.35564196600164144,0.0,172.7304410111203,0,0
648,917.0,600.0,0.23813608258926372,0.0,62.34156199633044,0,0
649,2152.0,900.0,0.2835839518935595,0.0,342.0474443328457,0,0
650,1676.0,700.0,0.48920315072752196,0.3333333333333333,244.00520163966058,0,0
651,4589.0,1500.0,0.2356547767505715,0.5,779.7484355781328,0,0
652,1848.0,700.0,0.5342133072252984,0.3333333333333333,155.70511033507842,0,0
653,4233.0,3000.0,0.16109575109839802,1.0,778.6560512524256,0,0
654,1216.0,600.0,0.5157201163053188,0.16666666666666666,227.61485225911844,0,0
655,2603.0,1000.0,0.4330429755081382,0.3333333333333333,316.41502410264974,0,0
656,2307.0,1500.0,0.23054053593319648,0.16666666666666666,195.38150077182402,0,0
657,1351.0,700.0,0.1691711249830844,0.3333333333333333,221.28116287046825,0,0
658,2164.0,600.0,0.7503767104021389,0.6666666666666666,254.03581070735257,0,0
659,3448.0,1500.0,0.44964542947955133,0.3333333333333333,223.24728516941775,0,0
660,1727.0,600.0,0.19919102091594562,0.3333333333333333,196.70709719296914,0,0
661,933.0,600.0,0.7299868852570568,0.6666666666666666,184.1340746030492,0,0
662,1982.0,800.0,0.7013714079490897,0.8333333333333334,226.39602407256152,0,0
663,1331.0,400.0,0.5346866202500364,0.16666666666666666,206.05434823157194,0,0
664,1713.0,500.0,0.19946132162885222,0.0,223.0156874067703,0,0
665,1926.0,1100.0,0.27972322058461235,0.16666666666666666,232.0824230563997,0,0
666,927.0,200.0,0.043191487172864695,0.6666666666666666,48.071019800378956,0,0
667,966.0,700.0,0.2019838623500066,1.0,141.382924912882,0,0
668,2482.0,800.0,0.3171381924164143,0.16666666666666666,171.98680425285124,0,0
669,1579.0,900.0,0.4319038838330237,0.0,190.46948794695425,0,0
670,630.0,300.0,0.5764816772884839,0.5,61.34540078696584,0,0
671,2845.0,1400.0,0.23958291016630365,1.0,225.3634966359013,0,0
672,2259.0,700.0,0.08314014888626729,0.5,300.5423070516469,0,0
673,1449.0,1000.0,0.13532882118764208,1.0,84.68384952637017,0,0
674,1105.0,800.0,0.5295696281093716,0.6666666666666666,121.57271505896487,0,0
675,2911.0,700.0,0.6892393901100621,0.0,619.9468263071776,1,1
676,2338.0,800.0,0.31004296814447596,0.3333333333333333,160.11780415735748,0,0
677,5838.0,4400.0,0.42555712237095933,0.8333333333333334,581.2491387736558,0,0
678,2414.0,1300.0,0.671726608649784,0.5,237.1545839573082,0,0
679,2379.0,800.0,0.3329398722721639,0.16666666666666666,267.79869860505954,1,0
680,1854.0,700.0,0.3276287934040417,0.16666666666666666,283.04713126815733,0,0
681,2886.0,1800.0,0.5554455472882662,0.6666666666666666,231.8682220898109,0,0
682,2647.0,1700.0,0.577912024009574,0.5,298.8647259288961,0,0
683,3510.0,2000.0,0.34847579496043574,0.6666666666666666,457.74249469307,0,0
684,1580.0,1200.0,0.5342575759742015,0.3333333333333333,163.60079682244924,0,1
685,1643.0,900.0,0.23531912442874078,0.3333333333333333,316.3349552633191,0,0
686,1611.0,700.0,0.40000747865910935,0.6666666666666666,305.8564499751677,0,0
687,2852.0,1500.0,0.431255069839618,0.0,182.8142277608973,0,0
688,3922.0,1800.0,0.21273394973250986,0.5,418.4891291709039,0,0
689,1625.0,600.0,0.23809829619916717,0.3333333333333333,142.24067443055316,0,0
690,1651.0,500.0,0.30063549370923154,0.8333333333333334,114.24646853335982,1,0
691,2302.0,1000.0,0.596393545970977,0.8333333333333334,247.9832820333603,0,0
692,1789.0,1100.0,0.6359866447268622,0.3333333333333333,263.73311842903195,0,0
693,3067.0,800.0,0.6350316879628777,0.16666666666666666,301.15552604676986,0,0
694,725.0,400.0,0.6054349636533461,0.16666666666666666,69.4977519460447,0,1
695,1377.0,800.0,0.27600157086241045,0.16666666666666666,146.8369030132316,0,0
696,1405.0,800.0,0.7665893956491165,0.16666666666666666,324.57287731929546,0,0
697,703.0,500.0,0.045524661964468825,0.8333333333333334,142.33241155007374,0,0
698,1295.0,900.0,0.5799581570652333,0.0,85.12791414089718,0,0
699,1324.0,800.0,0.433516013472943,0.0,240.86142411730683,0,0
700,1825.0,600.0,0.13942030346830495,0.5,165.82254086513137,0,0
701,3297.0,1700.0,0.32208191028536093,0.16666666666666666,482.03070349675085,0,0
702,1790.0,1000.0,0.42635795760018896,0.8333333333333334,270.9779139504385,0,0
703,1257.0,500.0,0.15302614528580144,0.8333333333333334,222.74344917347148,0,0
704,1948.0,500.0,0.358244091176511,0.8333333333333334,131.47616641658163,0,0
705,3204.0,1200.0,0.1957048516999547,0.5,326.9250903317842,0,0
706,1288.0,600.0,0.49197003669158174,0.5,258.15426526549174,0,0
707,1326.0,600.0,0.5068972956136742,0.3333333333333333,99.7395871580375,0,0
708,2569.0,900.0,0.10328913837058076,0.16666666666666666,168.24243396263176,0,0
709,1809.0,1300.0,0.41177765642176467,0.5,272.4857505740515,0,0
710,2674.0,2000.0,0.49754616084481196,1.0,457.610494170089,0,0
711,1986.0,700.0,0.05497817352834086,0.16666666666666666,276.36662472018344,0,0
712,2740.0,2100.0,0.4973362830179591,0.0,499.48419972491257,0,1
713,1254.0,300.0,0.6111607758249282,0.5,205.80863583567165,0,0
714,1987.0,1500.0,0.7214494352400209,0.3333333333333333,155.18810244517638,0,1
715,1817.0,1400.0,0.4738605235914453,0.8333333333333334,227.65032219690565,0,0
716,1156.0,300.0,0.17764970512185344,0.8333333333333334,159.79372292696243,0,0
717,989.0,700.0,0.44559980245372915,1.0,177.77494514026264,0,0
718,2721.0,2100.0,0.45801891613017726,0.3333333333333333,305.12230785283873,0,0
719,1706.0,1300.0,0.5450934613859628,1.0,132.83934013318873,0,0
720,1261.0,1000.0,0.7253296011787841,0.0,199.10590306108932,0,1
721,1914.0,1100.0,0.40616874691844373,0.3333333333333333,176.54435637998372,0,0
722,3320.0,1000.0,0.43853749696027367,0.16666666666666666,195.1357500926787,0,0
723,716.0,500.0,0.3925179290172105,1.0,107.40136419112466,0,0
724,1019.0,600.0,0.3640566514220236,0.6666666666666666,145.86177708697917,0,0
725,1319.0,800.0,0.4766178880555963,0.3333333333333333,128.3882353422292,0,0
726,3857.0,1800.0,0.2155888337218685,0.16666666666666666,197.6535677684834,0,0
727,2269.0,1300.0,0.5976098740833419,0.8333333333333334,125.77213071861614,0,0
728,2822.0,900.0,0.47335726944208,0.6666666666666666,531.168208450056,0,0
729,1196.0,800.0,0.4303566819781074,0.8333333333333334,136.50272683782725,1,0
730,1207.0,400.0,0.18790221754669262,0.5,72.52849923662303,0,0
731,2444.0,1600.0,0.15672627998124813,0.16666666666666666,261.81921871479534,0,0
732,2051.0,1500.0,0.6076676484038168,0.3333333333333333,122.05516111357038,0,0
733,2558.0,1300.0,0.7501033326520382,0.6666666666666666,166.05737745167085,0,0
734,1836.0,1000.0,0.4762541296709194,0.16666666666666666,187.82222033274013,0,0
735,2265.0,1000.0,0.8279088813989751,0.0,317.3151917232302,0,1
736,2146.0,1700.0,0.6119306258339982,0.8333333333333334,193.13205212352705,0,0
737,2836.0,1900.0,0.18390824253464028,0.5,305.8636532494632,0,0
738,2873.0,1300.0,0.4216443650193364,0.3333333333333333,433.883058427996,1,1
739,964.0,300.0,0.2989261754793201,0.5,102.52823541403585,0,0
740,727.0,300.0,0.47592745545761755,0.8333333333333334,52.3825239290859,0,0
741,3136.0,1600.0,0.4010506421607133,0.0,167.411676818162,0,0
742,3410.0,2600.0,0.5741988564555547,0.5,206.68596423336678,0,1
743,1262.0,800.0,0.565773781014875,0.16666666666666666,128.59217763789033,0,0
744,865.0,300.0,0.24636554963476087,0.0,159.97930659837147,0,0
745,2089.0,1500.0,0.3936875690175784,0.0,137.85129033567347,0,0
746,3038.0,1400.0,0.46007837119928885,0.5,582.3644247558403,0,1
747,4487.0,3200.0,0.45784401018691223,0.5,747.9122966400748,0,0
748,2521.0,1000.0,0.6184730701414577,0.5,127.12721860704644,0,0
749,1690.0,1000.0,0.18217351251007838,0.8333333333333334,96.23203123720398,0,0
750,1337.0,1000.0,0.2176703175837959,0.5,108.73237101674516,0,0
751,2009.0,800.0,0.22081616050636124,0.6666666666666666,121.53959316430482,0,1
752,1746.0,1100.0,0.6162903497922774,0.8333333333333334,221.77398261610617,0,0
753,1265.0,1000.0,0.5852553812960871,0.6666666666666666,65.8041820089528,0,0
754,5024.0,1700.0,0.23468577539081698,1.0,827.389339351241,0,0
755,4462.0,1300.0,0.3805222463069539,0.16666666666666666,459.9549448969905,0,0
756,3332.0,2100.0,0.10961471858718912,0.8333333333333334,575.0911919425811,0,0
757,1320.0,600.0,0.13404887693120535,0.6666666666666666,188.12765612316207,0,0
758,2936.0,800.0,0.2144758622217498,0.6666666666666666,361.9263585493134,0,0
759,2665.0,1400.0,0.6048223992893902,0.0,535.7710909805372,0,1
760,2439.0,1600.0,0.5200014203506758,0.5,524.8756596896592,0,0
761,3506.0,1400.0,0.23049368946170454,1.0,299.57622711935306,0,0
762,2660.0,1200.0,0.26494513562226635,0.6666666666666666,181.5369534359828,0,1
763,2788.0,2000.0,0.1660302489423067,0.0,304.6988547373195,0,0
764,2661.0,1400.0,0.2320380294211878,0.3333333333333333,223.3575148253712,0,0
765,2329.0,1700.0,0.2853532652497721,0.5,342.5420911096798,0,0
766,895.0,400.0,0.44373419412346476,0.8333333333333334,87.69629089569007,0,0
767,2075.0,1600.0,0.3562195603422792,0.5,201.3897419583521,0,0
768,1556.0,900.0,0.05863953326101795,0.8333333333333334,276.66649033819573,0,0
769,1123.0,400.0,0.17528739155890494,0.8333333333333334,96.81396774103044,0,0
770,4259.0,3100.0,0.5833209279359906,0.16666666666666666,458.48534858855214,0,0
771,4351.0,2300.0,0.4144984586780267,0.16666666666666666,429.3772049010561,0,0
772,3684.0,1200.0,0.31718049628853573,1.0,694.0140876588808,0,0
773,2241.0,700.0,0.4695945538744608,0.6666666666666666,285.71805843382145,0,0
774,3669.0,2300.0,0.27163093526025994,0.8333333333333334,232.07780544066034,0,0
775,2009.0,600.0,0.5809785714296439,1.0,274.2739438626259,0,0
776,2189.0,900.0,0.44116695197757233,0.3333333333333333,166.76118224152816,0,0
777,1222.0,400.0,0.285984853499114,0.0,170.25755023829333,0,1
778,2389.0,1200.0,0.80315643404301,1.0,324.0988094491063,1,0
779,2053.0,1000.0,0.3672287588676956,0.6666666666666666,223.26005674619202,0,0
780,1112.0,600.0,0.6166383465648558,0.0,145.84478162333963,0,1
781,1953.0,800.0,0.5894883062673308,0.5,447.0942236978888,0,0
782,1928.0,500.0,0.1813397345178919,0.0,305.6820105042499,0,1
783,4487.0,2600.0,0.26900602683670527,0.3333333333333333,562.1741400555684,0,0
784,2988.0,1400.0,0.7230508580734645,0.3333333333333333,519.1771860433067,0,0
785,2009.0,1200.0,0.2996586606595776,0.5,266.03711409508895,0,0
786,2235.0,700.0,0.4284915722603926,0.5,418.6555607472453,0,0
787,2038.0,500.0,0.2553635637183051,0.8333333333333334,312.65828904789737,0,0
788,1824.0,700.0,0.5015334963660512,0.3333333333333333,131.5179630496009,0,0
789,1228.0,600.0,0.2574174528050931,0.8333333333333334,85.44480092448416,0,0
790,1867.0,900.0,0.5985178492765766,1.0,184.19558613814908,0,1
791,1428.0,1000.0,0.4646202291147367,0.8333333333333334,89.48232746192431,0,0
792,1138.0,500.0,0.5009591049045768,0.16666666666666666,113.95360139070547,0,0
793,2515.0,1400.0,0.6057649955026605,0.6666666666666666,198.50820618426278,0,0
794,2383.0,1400.0,0.42937901744346246,0.16666666666666666,346.80088047508355,0,0
795,894.0,200.0,0.3199100314097846,0.5,56.804687145983245,0,0
796,1891.0,1000.0,0.1400062789584054,0.6666666666666666,197.10599861224438,0,0
797,3128.0,1400.0,0.5922513395544188,0.3333333333333333,502.5577987475899,0,0
798,3218.0,1600.0,0.6222573890378653,0.0,376.05442075590526,0,0
799,3170.0,1000.0,0.7838090493829224,0.8333333333333334,314.78165505918236,0,0
800,2033.0,1400.0,0.5141149715678258,0.8333333333333334,403.6016417907199,0,0
801,1366.0,1000.0,0.1919283453929211,0.0,248.3415368949833,0,0
802,1227.0,300.0,0.7051423375515983,0.3333333333333333,194.08111569746225,0,0
803,2333.0,1400.0,0.3046123887157116,0.16666666666666666,173.50378606196765,0,0
804,2370.0,1600.0,0.2802264369814005,1.0,163.0323877478171,0,0
805,3566.0,1500.0,0.49625469478248413,1.0,768.2153752090352,0,0
806,3278.0,2200.0,0.24172338741192828,0.6666666666666666,344.38745705950237,0,0
807,1883.0,1100.0,0.5095952012960144,0.5,300.7044727957132,0,0
808,1142.0,900.0,0.3144005164036965,0.0,191.91018306795553,0,0
809,1731.0,1400.0,0.6503780522796013,0.16666666666666666,145.50105085687022,0,0
810,2203.0,600.0,0.5351939093664415,0.0,226.80444685595378,0,0
811,1825.0,900.0,0.15489075547542402,0.8333333333333334,300.62722802307593,0,0
812,1541.0,800.0,0.5784622030449701,0.0,206.97389806968047,0,1
813,2239.0,700.0,0.32781073867316357,0.6666666666666666,199.5745175804597,0,0
814,1593.0,700.0,0.8293603621222054,1.0,180.23480793811572,0,0
815,1506.0,1200.0,0.32340224511219584,0.3333333333333333,123.31380695699231,0,1
816,2299.0,600.0,0.5156750169103608,0.6666666666666666,498.09173820632475,0,0
817,1668.0,800.0,0.3544883792213039,1.0,139.55196749814166,0,0
818,2230.0,1600.0,0.3146078343191022,0.3333333333333333,373.0417812650097,0,0
819,2260.0,1000.0,0.3494437931504377,0.5,187.19316288316284,0,0
820,1197.0,600.0,0.6444365048769177,0.16666666666666666,174.5861160702387,0,0
821,1609.0,1300.0,0.33452976672345075,0.3333333333333333,212.0792990421101,0,0
822,3816.0,2000.0,0.22437038990906796,1.0,402.37178433103725,0,1
823,1184.0,400.0,0.5476534235614343,0.6666666666666666,171.0421590407585,0,0
824,771.0,200.0,0.27859033136254224,0.16666666666666666,115.15153327444285,0,0
825,865.0,700.0,0.6207149537044727,0.5,152.3152458278322,0,0
826,2025.0,800.0,0.512169562130915,0.6666666666666666,197.46854934547625,0,0
827,2026.0,1100.0,0.47514488987187425,0.0,336.4230226687422,0,0
828,1895.0,600.0,0.5456773727628477,0.8333333333333334,237.30170518313037,0,1
829,3451.0,1700.0,0.7006634947601019,0.16666666666666666,569.7097892126649,0,0
830,600.0,500.0,0.46325898742260535,0.3333333333333333,74.14016429812663,0,0
831,2388.0,1300.0,0.3078552107336703,0.3333333333333333,342.2014252725398,0,0
832,4035.0,3200.0,0.6552838072306798,0.5,289.4532550500489,0,0
833,1203.0,500.0,0.5315862430363087,1.0,147.35810238913288,0,0
834,1684.0,900.0,0.4776156214586616,0.16666666666666666,136.51511335982573,0,0
835,1424.0,1000.0,0.12505676183939718,0.16666666666666666,136.8223258869082,0,0
836,1336.0,700.0,0.5373070742284163,0.3333333333333333,99.21555893415939,1,1
837,1725.0,700.0,0.36625091459081766,1.0,115.46361454911144,0,0
838,3799.0,2700.0,0.05470458325934319,1.0,521.9724312577293,0,0
839,4568.0,2100.0,0.025253552456556812,0.5,600.5452645507821,0,0
840,1718.0,900.0,0.26751590332072556,0.6666666666666666,90.1743736196729,0,0
841,4709.0,3700.0,0.05983528084789702,1.0,838.3698083242629,0,0
842,2030.0,700.0,0.412891936384138,0.8333333333333334,379.190632448266,0,0
843,4399.0,1800.0,0.13193138009961683,0.6666666666666666,847.5028934024102,0,0
844,1916.0,500.0,0.3100870895606639,0.5,290.93955525256894,0,0
845,2120.0,1000.0,0.339490848536494,1.0,421.07191849048104,0,0
846,2355.0,800.0,0.19289608025034935,0.16666666666666666,281.32602798199173,0,0
847,8354.0,5200.0,0.32074306354069443,0.3333333333333333,1686.7411351581654,0,0
848,2931.0,1000.0,0.3082614369543305,0.6666666666666666,457.82867962558254,0,0
849,1454.0,900.0,0.5927659009005545,0.0,145.92914442665193,0,0
850,3090.0,1200.0,0.7254230167255938,0.5,473.21592317623345,0,0
851,1698.0,800.0,0.6410165476956766,0.8333333333333334,275.7454050505819,0,0
852,1603.0,700.0,0.17799505704804805,0.16666666666666666,290.5577156577857,0,0
853,3008.0,1900.0,0.5990390098426474,0.8333333333333334,567.4169686129026,0,0
854,2026.0,1000.0,0.641070229891258,0.3333333333333333,182.17084339321707,0,0
855,2265.0,1000.0,0.07569095094060935,1.0,232.41472634702683,0,0
856,2011.0,1400.0,0.30199073874823174,0.6666666666666666,249.5380357002861,0,0
857,2325.0,1300.0,0.5562110258527108,0.16666666666666666,310.25004716599517,0,0
858,2419.0,900.0,0.27680671081394587,0.8333333333333334,445.3417007430469,0,0
859,836.0,600.0,0.5967416428983424,0.0,160.12686320380368,0,0
860,2697.0,1200.0,0.4780729907305122,0.16666666666666666,445.4671873221242,0,0
861,1284.0,300.0,0.5239143736312241,1.0,263.4726776548626,0,0
862,1044.0,500.0,0.7509777730311992,1.0,80.07774857425727,0,0
863,1946.0,600.0,0.6099952282878447,0.0,364.4601550333618,0,0
864,2075.0,800.0,0.16743425630019226,0.3333333333333333,110.4525550525921,0,0
865,1463.0,1000.0,0.24448625678126298,0.0,186.49609382091035,0,0
866,2904.0,900.0,0.4707059465536564,0.16666666666666666,160.1122652691671,0,0
867,1092.0,800.0,0.2224583839351815,1.0,135.16065762097827,0,0
868,1664.0,1300.0,0.4664557392450738,0.16666666666666666,182.17714903796212,0,0
869,1536.0,900.0,0.46298251273791974,0.6666666666666666,94.47655368219247,0,0
870,1957.0,1300.0,0.16139066745698208,0.8333333333333334,376.40093966630167,0,0
871,2265.0,1500.0,0.41223457349890863,1.0,313.000522647242,0,0
872,1270.0,1000.0,0.24896164246817984,0.3333333333333333,95.4728378225062,0,1
873,2768.0,1200.0,0.3099257432112632,0.6666666666666666,365.97518755693903,0,0
874,2056.0,700.0,0.4404317192911305,0.5,151.8905390586173,0,0
875,853.0,500.0,0.6393270188151334,0.0,58.13933776872906,0,1
876,828.0,400.0,0.1702929021182023,0.16666666666666666,64.74666417463,0,0
877,1987.0,700.0,0.5819136000395031,0.8333333333333334,265.4088645297312,1,0
878,1809.0,1100.0,0.4662255444405105,0.6666666666666666,296.00134073961294,0,0
879,1907.0,500.0,0.42219116669255957,0.5,254.64105053508624,0,0
880,1973.0,1500.0,0.3135219589716228,0.8333333333333334,290.7971361436784,0,1
881,2212.0,900.0,0.4544176121829342,0.6666666666666666,286.84227821512377,0,0
882,3061.0,800.0,0.1823988935768111,0.3333333333333333,499.3121861560112,0,0
883,1212.0,400.0,0.30172541726117463,0.3333333333333333,239.8898196876358,0,0
884,1179.0,500.0,0.5617354279988198,1.0,135.25086726468635,0,0
885,1222.0,500.0,0.4695250246182681,1.0,86.50624190103538,0,0
886,2276.0,600.0,0.5033478616702877,0.0,155.98903417882127,0,0
887,3499.0,1400.0,0.8821728549236667,0.8333333333333334,404.4681788201735,0,0
888,1646.0,600.0,0.29050601754364014,0.0,229.11248223834323,0,0
889,648.0,300.0,0.5168411521816902,1.0,46.80677805624878,0,0
890,928.0,400.0,0.21958662763759487,0.6666666666666666,181.82951496576857,0,0
891,1374.0,600.0,0.7552420748600746,0.6666666666666666,300.8881127068041,1,0
892,1555.0,700.0,0.33957587598672895,0.6666666666666666,134.24163537874344,0,0
893,1663.0,500.0,0.3867456305258182,0.6666666666666666,120.96711669901288,0,0
894,2033.0,500.0,0.09730121519154486,0.16666666666666666,166.60679327376272,0,0
895,1737.0,600.0,0.4442874804355149,0.8333333333333334,194.34104781870613,0,0
896,3204.0,2100.0,0.16103398331409433,0.5,552.2681059224615,0,0
897,1474.0,1200.0,0.7798793370168075,0.5,193.87776902801613,0,0
898,1356.0,1000.0,0.3465336890299259,0.3333333333333333,86.13543039925001,0,0
899,2479.0,1300.0,0.20796056747446334,0.0,314.7460265328987,0,0
900,1001.0,500.0,0.39344283195977764,0.5,61.41043945255112,0,0
901,2381.0,1000.0,0.27154214951600647,0.3333333333333333,220.44062526593066,0,0
902,2093.0,1400.0,0.031231843326365794,0.6666666666666666,241.89278021285602,0,0
903,1870.0,1300.0,0.38266483285406994,0.3333333333333333,254.2335768638137,0,0
904,4084.0,2900.0,0.18770567173189698,1.0,552.3869690676019,0,0
905,1510.0,1100.0,0.3890274675200982,0.6666666666666666,277.76810312984264,0,0
906,5050.0,2500.0,0.6946108270093655,0.5,214.80374878140807,1,0
907,1805.0,1200.0,0.6465362634435335,0.6666666666666666,302.24109253071396,1,0
908,1125.0,800.0,0.6580143131548624,0.6666666666666666,63.16457689253319,0,0
909,2062.0,900.0,0.4121936902193911,0.6666666666666666,209.78256279386142,0,0
910,1231.0,900.0,0.38842143191342693,0.6666666666666666,226.60855419257925,0,0
911,1425.0,400.0,0.14262505686406932,1.0,175.56005209806412,0,0
912,2389.0,1900.0,0.4807813005023385,0.3333333333333333,204.21103334492597,0,0
913,2566.0,1700.0,0.6612844845360469,0.5,330.24073215915115,0,1
914,1510.0,500.0,0.45656952468675815,0.16666666666666666,210.25060563073416,0,0
915,3116.0,1900.0,0.8591969287045637,0.5,547.1278974277451,0,0
916,3364.0,900.0,0.3975405804809243,1.0,499.56865760439337,0,0
917,3814.0,2600.0,0.6453769926915457,0.6666666666666666,218.73992539280147,0,1
918,2536.0,1700.0,0.2882841056598734,0.16666666666666666,301.42369899447925,0,0
919,3691.0,2100.0,0.3162833311987883,1.0,291.46342739966616,0,0
920,857.0,600.0,0.26955038681941806,0.8333333333333334,40.208926990261155,0,0
921,1732.0,500.0,0.21949410512421133,0.5,216.85585339694939,0,0
922,1353.0,500.0,0.6892237998308468,0.16666666666666666,178.8107496717676,0,0
923,2108.0,1000.0,0.12939420795670037,0.3333333333333333,106.32044490010945,0,0
924,1545.0,400.0,0.1884494451185356,0.8333333333333334,297.88291092636445,0,0
925,1854.0,900.0,0.7940178715539082,0.6666666666666666,348.6470944559356,0,0
926,4661.0,1800.0,0.6317624308813884,0.16666666666666666,776.6023958976433,0,0
927,1851.0,900.0,0.2962065090938901,0.16666666666666666,150.25211843268394,0,0
928,2407.0,1200.0,0.47686641797425305,1.0,256.6405306927858,0,0
929,1800.0,1300.0,0.3356051308302144,0.5,128.12321913733692,0,0
930,2067.0,800.0,0.6043831783816871,0.6666666666666666,149.6880237023658,0,1
931,2004.0,1500.0,0.24581600516272262,0.3333333333333333,180.2713275700454,0,0
932,2445.0,1200.0,0.19959288434482453,0.0,273.7552138296755,0,0
933,3376.0,1500.0,0.31478824390064114,0.3333333333333333,230.51941846306462,0,0
934,4194.0,2200.0,0.6875088660655856,0.6666666666666666,303.81922187523907,1,1
935,2297.0,1100.0,0.13054860829462775,0.3333333333333333,426.01295248773533,0,0
936,2605.0,1000.0,0.5903054260739061,0.6666666666666666,448.9171873880432,1,0
937,1190.0,600.0,0.35030008937868035,0.5,113.42739173897316,0,0
938,1921.0,600.0,0.25281470237760173,0.3333333333333333,371.9543450806773,0,0
939,3051.0,1400.0,0.6861919289006668,0.16666666666666666,277.8144890946652,0,0
940,2950.0,1700.0,0.18850455896219198,0.16666666666666666,391.7591384282663,0,0
941,2198.0,1000.0,0.5562912027356295,0.16666666666666666,373.3457516027467,0,0
942,2978.0,2100.0,0.6769099186422184,0.8333333333333334,345.3054094364438,0,0
943,2492.0,1000.0,0.4534680228023067,0.3333333333333333,244.73120895031573,0,1
944,3429.0,2700.0,0.8696431060840204,0.8333333333333334,341.1809888277904,0,0
945,2276.0,1600.0,0.1718347723535788,0.3333333333333333,247.03572818388568,0,0
946,1703.0,1300.0,0.21947427750307535,0.3333333333333333,249.79201537884288,0,0
947,2324.0,1700.0,0.5124317187334779,1.0,285.31609451396366,0,0
948,534.0,200.0,0.6483360272256244,1.0,63.458799530825274,0,0
949,2374.0,1300.0,0.7575091124554799,0.3333333333333333,210.626891388683,0,0
950,387.0,100.0,0.7449720645535816,0.16666666666666666,43.12311034846826,0,1
951,920.0,600.0,0.5219448273747294,0.8333333333333334,75.83969070462585,0,0
952,2449.0,1400.0,0.6762107150674598,0.0,495.53462931794604,0,0
953,2477.0,1000.0,0.11534951713410682,0.5,351.9802091390678,0,0
954,1184.0,900.0,0.2100344354553412,0.6666666666666666,128.83328137100193,1,0
955,1450.0,500.0,0.1288351635397594,0.6666666666666666,225.91531085932505,0,0
956,3702.0,2100.0,0.4204853610188494,0.0,175.7992873692374,0,0
957,1607.0,1000.0,0.4728616371356171,0.0,167.4399194480317,0,1
958,5482.0,1500.0,0.17471281123985508,0.16666666666666666,664.3609241292432,0,0
959,1996.0,1200.0,0.5183411453698454,0.0,250.86532819991388,0,0
960,2401.0,1700.0,0.3463826358456664,0.5,351.63881412278886,0,0
961,4136.0,1200.0,0.38491495936348735,1.0,671.7679444013087,0,0
962,2120.0,1100.0,0.48569940947011475,0.3333333333333333,232.79108283162614,0,0
963,1273.0,500.0,0.4012470131345144,0.5,123.989888273503,0,0
964,1902.0,1200.0,0.38056067813521993,0.16666666666666666,318.7820688269644,0,0
965,1966.0,600.0,0.11607088183084162,0.0,215.39686319330042,0,0
966,1081.0,800.0,0.15495019920682437,0.6666666666666666,92.29228734160597,0,0
967,1781.0,1300.0,0.10327588448598847,0.16666666666666666,313.40479670692343,0,0
968,1431.0,500.0,0.22343076038742635,0.5,259.2831174403418,0,0
969,3029.0,1300.0,0.6239166422180786,0.6666666666666666,638.0643310277152,0,0
970,2030.0,1200.0,0.2457130478118699,0.8333333333333334,180.5575791209715,0,0
971,1759.0,1100.0,0.3182490877112753,0.16666666666666666,89.36550122563412,0,0
972,1905.0,900.0,0.4735026093224736,0.6666666666666666,248.3643860338269,0,0
973,2209.0,700.0,0.37618209846891154,1.0,419.821269878095,0,0
974,2637.0,800.0,0.27081083219671953,0.5,188.954594429929,0,0
975,1274.0,1000.0,0.46929306829826506,0.0,72.8543065014909,0,1
976,1250.0,600.0,0.4524685412415279,0.16666666666666666,80.29202197785612,0,0
977,3285.0,2400.0,0.5778420936499549,0.8333333333333334,527.1188084223345,0,0
978,1660.0,900.0,0.2711136666651416,0.8333333333333334,291.64889427822067,1,0
979,1056.0,800.0,0.3459588246278006,0.3333333333333333,166.77868775734999,0,0
980,2440.0,700.0,0.3481048644403519,0.16666666666666666,144.06515500122447,0,0
981,2461.0,800.0,0.22920061761885643,0.3333333333333333,388.2688226360659,0,0
982,1003.0,800.0,0.04836813421807953,0.16666666666666666,126.90025153641436,0,0
983,2216.0,1700.0,0.4730592800467588,0.8333333333333334,160.03650684714154,0,0
984,2782.0,1200.0,0.6665246744927337,0.8333333333333334,224.09264648246136,0,0
985,2365.0,1100.0,0.4260351026966213,0.0,312.87473905295826,0,0
986,2656.0,1300.0,0.36397887817617347,0.8333333333333334,242.76462906493512,0,1
987,1062.0,500.0,0.24402304159079127,0.8333333333333334,180.09188520103925,0,0
988,2319.0,800.0,0.6534245990876858,0.6666666666666666,252.35478790187915,0,0
989,1744.0,1300.0,0.08958587191266498,1.0,189.78360212454535,0,0
990,1608.0,600.0,0.6284994808446309,0.0,240.4243385998974,0,0
991,2956.0,1900.0,0.6571650919357589,0.6666666666666666,343.2130231314546,0,0
992,3888.0,1100.0,0.35978475920854,0.0,188.30973835258567,0,0
993,4480.0,1200.0,0.2236381476003835,1.0,714.4000293613927,0,0
994,3611.0,2200.0,0.5214047763864684,0.5,298.4805282011053,0,0
995,1902.0,800.0,0.5255995294486876,0.0,198.8089806132539,0,0
996,2342.0,1400.0,0.44442618468594736,0.8333333333333334,403.3346226741451,0,0
997,2822.0,900.0,0.0976746145674576,0.8333333333333334,407.03484061746326,0,0
998,2110.0,1600.0,0.6821181747206633,0.5,244.8805526960194,0,0
999,2119.0,1400.0,0.3200358250358948,0.3333333333333333,115.03303436952625,0,0
1000,2895.0,2100.0,0.5225123587937754,0.0,427.40019416205257,0,0
1001,1946.0,600.0,0.06853194637994399,1.0,202.6478306031916,0,0
1002,1439.0,600.0,0.10031705144157281,0.16666666666666666,335.2205287807952,0,0
1003,1658.0,800.0,0.14076604617067645,0.8333333333333334,198.91003881809556,0,0
1004,2658.0,1400.0,0.5560040494212014,0.6666666666666666,393.8387177419696,1,0
1005,2001.0,800.0,0.667061927012531,0.6666666666666666,217.31959375250713,0,0
1006,2329.0,700.0,0.09391917401074305,0.6666666666666666,394.3484073705725,0,0
1007,2701.0,1200.0,0.4394238005138182,1.0,168.28093589193543,0,0
1008,1688.0,700.0,0.6995718108720768,0.0,177.0700933772243,0,0
1009,2808.0,1300.0,0.0572950249312785,1.0,171.8146536367099,0,0
1010,2370.0,800.0,0.6780403692540378,0.0,126.62841289179228,0,0
1011,1146.0,500.0,0.2597187171806424,1.0,226.50409058281153,0,0
1012,3824.0,2300.0,0.7264788815242214,0.16666666666666666,586.9547777589419,0,0
1013,1595.0,700.0,0.3030143568734486,0.8333333333333334,221.51153554467226,0,0
1014,949.0,400.0,0.42851920226249757,0.0,136.03307598591996,0,1
1015,1249.0,700.0,0.32991163903620363,0.5,190.46584053694178,0,0
1016,1262.0,900.0,0.21377498846929188,0.5,203.94951133862884,0,0
1017,2046.0,900.0,0.21455967063370124,1.0,349.98874245796446,0,0
1018,1767.0,1000.0,0.32805956664305774,0.0,193.7976776259223,0,0
1019,1717.0,1300.0,0.46692081187942386,0.0,274.51725776622084,0,0
1020,2641.0,1400.0,0.6378188935246196,0.6666666666666666,224.9132949361399,0,1
1021,2328.0,1700.0,0.31083051716156296,0.0,451.5504712337825,0,0
1022,2304.0,1600.0,0.6595298742754913,0.8333333333333334,117.75291934622565,0,0
1023,2403.0,700.0,0.725035739827873,0.0,258.95335207721945,0,0
1024,2637.0,1300.0,0.46161270911033314,1.0,430.78207502795505,0,0
1025,774.0,500.0,0.39534192101840726,0.5,52.018120188639074,0,1
1026,1696.0,1300.0,0.5114056256279823,1.0,135.52119434259652,0,0
1027,749.0,400.0,0.15503877039261627,0.0,70.89373838058576,0,0
1028,2031.0,600.0,0.17682844872801237,0.16666666666666666,232.0072092023321,0,0
1029,1994.0,1100.0,0.31733226530731684,0.5,415.04264675955193,0,0
1030,3199.0,1000.0,0.271616900186968,0.0,612.4692281650213,0,0
1031,3410.0,2300.0,0.5043395169859642,0.0,440.3022652821646,0,0
1032,2189.0,1200.0,0.35648578267878944,0.3333333333333333,441.91711797293215,0,0
1033,1595.0,1000.0,0.7915385642460832,0.8333333333333334,250.3144392546269,0,0
1034,2486.0,1800.0,0.1458533555024385,0.6666666666666666,511.88829983381,0,0
1035,1576.0,900.0,0.4171116821796054,0.0,142.7893141351792,0,0
1036,1997.0,1200.0,0.30410579967782364,0.0,201.06536934678417,0,0
1037,3114.0,2100.0,0.6375645382425345,0.6666666666666666,160.61799613341165,0,0
1038,1555.0,1100.0,0.796505776327426,0.3333333333333333,85.37982187370838,0,1
1039,2871.0,2100.0,0.1972453312609836,0.8333333333333334,419.3000779344206,0,0
1040,2710.0,700.0,0.08286607404636417,0.3333333333333333,213.3292960281542,0,0
1041,1300.0,700.0,0.3084479526506488,0.3333333333333333,170.73703396289568,0,0
1042,3097.0,1100.0,0.4247746066420195,0.16666666666666666,482.2567039612086,0,0
1043,2736.0,2000.0,0.19936877866516717,0.16666666666666666,166.90350727467148,0,0
1044,2092.0,1300.0,0.3017906464670574,0.6666666666666666,240.9276393636153,0,0
1045,1418.0,700.0,0.30584124582265515,0.5,220.23408903880042,0,0
1046,1357.0,500.0,0.6360969696014299,0.6666666666666666,271.338848128325,0,0
1047,1569.0,700.0,0.1337224802061294,0.0,126.95555144094124,0,0
1048,2551.0,1600.0,0.23387677831950024,0.5,486.0595192871614,0,0
1049,1300.0,500.0,0.3656240282533822,0.5,248.73004902038684,0,0
1050,2433.0,700.0,0.43562432285104824,1.0,361.45496609153366,0,0
1051,1143.0,800.0,0.6333768493616534,0.3333333333333333,142.59128268408242,0,0
1052,1823.0,1200.0,0.3467049168240676,0.0,240.59426762415333,0,0
1053,2099.0,800.0,0.30216833177987773,0.6666666666666666,300.762478600211,0,0
1054,6005.0,2500.0,0.13333850333022637,0.16666666666666666,617.5848325798969,0,0
1055,1075.0,800.0,0.3961951163319602,1.0,232.35860261007588,0,0
1056,3875.0,2500.0,0.27999509429103153,0.3333333333333333,707.9345803841587,1,0
1057,2138.0,1300.0,0.1971924814024964,0.8333333333333334,273.1146813521971,0,0
1058,2404.0,1000.0,0.2655566335665393,0.6666666666666666,409.2338592611054,0,0
1059,2107.0,900.0,0.20689293341868065,0.5,248.9103286525545,0,0
1060,2441.0,700.0,0.20228228855963176,0.6666666666666666,372.34380094054177,0,0
1061,1865.0,1200.0,0.246715411260102,0.16666666666666666,330.75675051814454,0,0
1062,3844.0,1100.0,0.29090169619195694,0.0,224.17730155856142,0,0
1063,1627.0,400.0,0.23932367476025643,0.8333333333333334,88.9253961995504,0,0
1064,3326.0,2200.0,0.5742518982586919,1.0,327.54890457411665,0,0
1065,1495.0,1200.0,0.3908214266831275,1.0,273.6734124966223,0,0
1066,1945.0,1300.0,0.14256474318114465,0.3333333333333333,222.36750108175087,0,0
1067,1234.0,600.0,0.1901583559054985,0.3333333333333333,225.78194656357437,0,0
1068,2452.0,1300.0,0.1989036604775833,0.3333333333333333,276.7060980309878,0,0
1069,3829.0,1900.0,0.9598362019454755,0.6666666666666666,401.97050692031485,1,0
1070,1930.0,800.0,0.30614241294621825,0.6666666666666666,337.97251983730024,0,0
1071,1829.0,1000.0,0.38908662226326635,0.8333333333333334,238.10577721354386,0,0
1072,1210.0,600.0,0.06990426792711818,1.0,105.8865041052635,0,0
1073,1802.0,1000.0,0.28977430053569303,0.3333333333333333,94.81686358425632,0,0
1074,976.0,700.0,0.7200449086612624,0.6666666666666666,68.39720090203997,0,1
1075,1325.0,1100.0,0.24062314316724026,0.5,96.94959595580359,0,0
1076,2213.0,600.0,0.6602344936228044,1.0,245.65165688493667,0,0
1077,3618.0,1700.0,0.2146982543351732,0.3333333333333333,538.6272184697425,0,0
1078,7074.0,2500.0,0.3782693769549654,0.16666666666666666,822.0659346250483,0,0
1079,1535.0,700.0,0.44924262036622065,0.3333333333333333,84.96957139309397,0,0
1080,3812.0,1600.0,0.2559679539004676,0.6666666666666666,286.63048795718333,0,0
1081,2230.0,800.0,0.36390990781760973,1.0,222.12886535782832,0,0
1082,1867.0,1300.0,0.5861011106237451,0.8333333333333334,345.1131609797917,0,0
1083,2428.0,1300.0,0.6580096392875978,0.0,238.75236648109163,0,0
1084,2055.0,1600.0,0.711490013540279,0.5,131.46436874201208,0,0
1085,2100.0,600.0,0.32165237078278863,0.16666666666666666,324.13403724348063,0,0
1086,1663.0,500.0,0.5439451251407889,0.3333333333333333,360.6769095805245,0,0
1087,1065.0,500.0,0.25306204975599833,1.0,187.94795950109938,0,0
1088,998.0,300.0,0.7417112951811344,1.0,212.57167758224787,0,0
1089,2681.0,1100.0,0.22116567323347908,0.16666666666666666,489.258242571603,0,0
1090,1764.0,1400.0,0.526343001204203,0.0,214.73417097696014,0,0
1091,1528.0,600.0,0.2930654601152691,0.6666666666666666,336.49885222137056,1,1
1092,2006.0,700.0,0.2454430297213764,0.3333333333333333,90.03207617796828,0,0
1093,2858.0,1600.0,0.14760710808113073,0.5,462.98553721543055,0,0
1094,2167.0,1100.0,0.583318568418882,1.0,407.0455691825747,0,0
1095,1487.0,800.0,0.15079514832932908,1.0,275.96542150586447,0,0
1096,3470.0,1600.0,0.5882379029829206,1.0,414.32160236375665,0,0
1097,4067.0,2900.0,0.5914159727883006,0.8333333333333334,603.1638500983643,0,0
1098,2496.0,800.0,0.43435929867554285,1.0,197.62438900932878,0,0
1099,3097.0,1500.0,0.7537774218699865,0.8333333333333334,478.6968914832604,0,0
1100,3494.0,2200.0,0.6386848513448247,1.0,363.3900926444854,0,0
1101,3323.0,2400.0,0.09052828605506874,0.5,424.84733211824107,0,0
1102,2634.0,1200.0,0.4387944341638636,0.0,348.8853322269718,1,0
1103,2616.0,1500.0,0.5992136674510348,0.8333333333333334,245.37439971919738,0,0
1104,2525.0,700.0,0.3125800862518613,1.0,216.3166929557568,0,0
1105,1220.0,400.0,0.3556497983956793,0.3333333333333333,123.98760940827083,0,0
1106,2739.0,800.0,0.4681300237046357,0.3333333333333333,376.9371096409348,0,0
1107,1086.0,700.0,0.3590634925996823,0.6666666666666666,128.18193380453263,0,0
1108,1397.0,600.0,0.2686324366679269,0.6666666666666666,234.65135585840815,0,0
1109,3593.0,2300.0,0.14865742598241136,0.6666666666666666,225.5975051300185,0,0
1110,2916.0,800.0,0.7836422871678652,0.3333333333333333,538.5358183096303,0,1
1111,3902.0,2800.0,0.34345882386891585,0.8333333333333334,552.6671611730536,0,0
1112,1768.0,1300.0,0.4836025616877515,0.8333333333333334,86.95770016213362,0,0
1113,1190.0,400.0,0.2772261991411865,1.0,121.23315327601384,0,0
1114,1793.0,500.0,0.5591837342319143,0.6666666666666666,265.9030763272946,0,0
1115,2092.0,600.0,0.366741327772467,0.0,234.07277803464623,0,0
1116,2070.0,1500.0,0.6337829244872221,0.8333333333333334,141.8644410908313,1,0
1117,3328.0,1300.0,0.44645722575267593,0.0,279.59292890553365,0,1
1118,1698.0,900.0,0.07566182596143056,0.16666666666666666,75.19335278575697,0,0
1119,2341.0,1100.0,0.21392006766440314,0.16666666666666666,132.92878882754286,0,1
1120,1281.0,900.0,0.4204810903080579,0.16666666666666666,86.28875380504675,0,0
1121,2447.0,1300.0,0.3531901949011132,0.8333333333333334,496.549122584004,1,0
1122,2001.0,1100.0,0.5986471188036943,0.5,297.5451747642041,0,0
1123,1426.0,1100.0,0.5941346160458778,0.16666666666666666,168.4676910105579,0,0
1124,1797.0,600.0,0.44206973867507204,0.0,271.9616464652396,0,1
1125,1839.0,1300.0,0.2939610087786255,0.16666666666666666,203.8818355708011,0,0
1126,1769.0,500.0,0.1243024884494134,0.6666666666666666,120.64221641011332,0,0
1127,4434.0,2300.0,0.21376607136845482,0.8333333333333334,436.0435000726606,0,0
1128,1912.0,1400.0,0.2743243389395048,0.3333333333333333,161.51443926295934,0,1
1129,1790.0,1100.0,0.3397419319633594,0.0,236.437929137918,0,0
1130,778.0,500.0,0.3686562399126889,0.5,76.46166714106592,0,0
1131,1336.0,500.0,0.1937888031690989,0.8333333333333334,164.41360587042328,0,0
1132,1775.0,900.0,0.39885797663394174,0.0,235.29450781256023,0,0
1133,1468.0,700.0,0.12352362214876314,0.8333333333333334,236.59780950433483,0,0
1134,3721.0,2000.0,0.1831017725625081,0.16666666666666666,328.01253733302656,0,0
1135,1855.0,900.0,0.35189987698866226,0.16666666666666666,207.1535695481994,0,0
1136,3568.0,1500.0,0.2225966959367251,0.6666666666666666,429.7566804476,0,0
1137,2054.0,900.0,0.13152957028950904,0.0,330.2050864347939,0,0
1138,2032.0,800.0,0.7231313484363691,0.3333333333333333,307.8785551944886,0,0
1139,1920.0,900.0,0.48361841862284544,0.0,329.7478464661902,0,0
1140,2002.0,700.0,0.2647013548728759,0.16666666666666666,161.88202252051332,0,0
1141,4331.0,3200.0,0.5026096941301887,0.8333333333333334,562.3010510964,0,0
1142,704.0,400.0,0.5236619033222576,0.16666666666666666,116.5429980528694,0,0
1143,812.0,300.0,0.3967605576886922,0.0,113.5861388317222,0,0
1144,1565.0,1000.0,0.7065588817441556,0.16666666666666666,291.8440330493004,0,1
1145,2011.0,1400.0,0.1935174219815177,0.0,191.56488219810245,0,0
1146,2726.0,1000.0,0.3286690041284567,0.6666666666666666,304.9226870482945,0,0
1147,2472.0,800.0,0.6237269786307393,1.0,293.23527480243257,0,0
1148,1681.0,400.0,0.25385087090209124,0.16666666666666666,160.14278733736947,0,0
1149,3161.0,900.0,0.7025996262283838,0.8333333333333334,575.4723563334952,0,0
1150,3177.0,2100.0,0.3347995636584124,0.3333333333333333,188.48209933471446,0,0
1151,2171.0,1700.0,0.3337524911141496,0.0,298.1535984147218,0,0
1152,3082.0,800.0,0.25132449840960974,0.6666666666666666,380.61368877511364,0,0
1153,2259.0,1500.0,0.3172140759913233,0.16666666666666666,386.0817437047393,0,1
1154,1552.0,400.0,0.19558923861756197,0.5,232.68673131842266,0,0
1155,2735.0,1600.0,0.5161398905458852,0.5,652.8502064856473,0,0
1156,2100.0,1400.0,0.5784518886574325,0.6666666666666666,338.79761058117805,0,0
1157,1999.0,900.0,0.2912059617975482,0.0,201.4453859455588,0,0
1158,3877.0,1000.0,0.7388013410639498,0.16666666666666666,643.7049093542943,0,1
1159,663.0,400.0,0.5041916370419762,0.8333333333333334,117.29534076646894,0,1
1160,1056.0,800.0,0.0607428463514057,1.0,86.85217053772911,0,0
1161,1171.0,500.0,0.35060180220238946,0.0,179.39069238823868,0,0
1162,1697.0,600.0,0.7048261960582137,0.3333333333333333,148.9410516755031,1,0
1163,1782.0,600.0,0.25968412059782936,1.0,321.8253763483443,0,0
1164,1014.0,600.0,0.08936984312452068,0.3333333333333333,67.64456758879146,0,0
1165,1283.0,700.0,0.6688842552064106,0.5,184.69437281507987,0,1
1166,1356.0,900.0,0.37509603315148454,1.0,147.57374683080323,0,0
1167,6038.0,4000.0,0.4116098892771621,1.0,766.9641763061226,0,0
1168,4495.0,3300.0,0.1213883198051595,0.6666666666666666,261.5644055836834,0,0
1169,1660.0,1200.0,0.501253783036547,0.6666666666666666,214.18513600052273,0,0
1170,1697.0,700.0,0.2829038287936426,0.6666666666666666,182.79649882442092,0,0
1171,1191.0,700.0,0.33066449597800945,0.16666666666666666,161.1208006120543,0,0
1172,847.0,400.0,0.809193131326006,1.0,88.08689573525187,0,0
1173,1896.0,800.0,0.2809442371777393,0.0,153.07432472132416,0,0
1174,1275.0,1000.0,0.4377382192445413,0.0,167.32331511080352,0,1
1175,1923.0,1200.0,0.4695827572939818,0.6666666666666666,387.96082592992354,0,0
1176,973.0,800.0,0.6816996469481181,0.8333333333333334,81.21770158213228,1,0
1177,1418.0,700.0,0.16751608265265328,0.8333333333333334,231.70767703523785,0,0
1178,2136.0,1200.0,0.32538265200289224,0.6666666666666666,108.71885213429894,0,0
1179,2356.0,1200.0,0.09073734661480526,0.3333333333333333,303.0333433075414,0,0
1180,2411.0,700.0,0.3137896691104841,0.3333333333333333,215.8096357449709,0,0
1181,1103.0,400.0,0.35062405348155123,0.3333333333333333,116.79441162067928,0,0
1182,2935.0,1600.0,0.43582665693672906,0.16666666666666666,306.6375886807728,0,1
1183,1394.0,400.0,0.3767793906544332,0.3333333333333333,94.41097502483737,0,1
1184,2657.0,2000.0,0.36540272869619256,0.0,277.2953480678908,0,1
1185,1989.0,600.0,0.6086036886260492,0.3333333333333333,223.03226805997042,0,0
1186,1076.0,400.0,0.26735314306593155,1.0,149.5561333795797,0,0
1187,1733.0,1200.0,0.11331436337279478,0.6666666666666666,346.0313324967681,0,0
1188,2355.0,700.0,0.23432820435977988,0.0,271.2400171017331,0,0
1189,2633.0,2000.0,0.4037041027459503,0.3333333333333333,498.11315402478397,0,1
1190,1875.0,1200.0,0.23869777365576117,0.16666666666666666,210.23402707882963,1,0
1191,3981.0,1100.0,0.37671378882799483,0.16666666666666666,258.09810806052434,0,0
1192,3144.0,2000.0,0.29992585765931484,0.6666666666666666,335.315473569084,0,1
1193,1780.0,1100.0,0.646454433633757,1.0,201.41106332284474,0,0
1194,2801.0,1900.0,0.37675233373622785,0.6666666666666666,289.21438694870176,0,0
1195,4771.0,3400.0,0.4939314025894176,0.5,797.6377398106755,0,0
1196,4828.0,3100.0,0.6726296021078436,0.16666666666666666,807.6337904197076,0,0
1197,1150.0,700.0,0.1649533376200313,0.16666666666666666,169.21411583061067,0,0
1198,1317.0,600.0,0.35450280613657964,0.8333333333333334,175.3919876089723,0,0
1199,3898.0,2500.0,0.40865007284646226,0.6666666666666666,436.363943553554,0,0
1200,1241.0,1000.0,0.3912544698337362,0.5,194.21236352771405,0,0
